Country,1949,1950,1951,1952,1953,1954,1955,1956,1957,1958,1959,1960,1961,1962,1963,1964,1965,1966,1967,1968,1969,1970,1971,1972,1973,1974,1975,1976,1977,1978,1979,1980,1981,1982,1983,1984,1985,1986,1987,1988,1989,1990,1991,1992,1993,1994,1995,1996,1997,1998,1999,2000,2001,2002,2003,2004,2005,2006,2007,2008,2009,2010,2011,2012,2013,2014,2015,2016,2017
Africa,,,,,,,,,,,,,,,,,,,,,,,,,,,,,,,,,,,,,,,,,,,,,,,,,,,,,,,,,,,,,,,,,,,,,
North Africa,,,,,,,,,,,,,,,,,,,,,,,,,,,,,,,,,,,,,,,,,,,,,,,,,,,,,,,,,,,,,,,,,,,,,
Algeria,0,0,0,0,0,0,0,0,0,0,0,0,0,0,2.5,3.5,3.4,3.5,3.0,2.6,2.4,2.1,2.1,1.8,1.7,2.0,2.1,2.7,2.2,2.4,2.1,2.1,1.8,2.1,2.0,1.8,1.6,1.8,1.9,1.7,1.5,1.5,1.2,2.1,2.5,3.1,2.9,3.1,3.6,4.0,3.8,3.4,3.8,3.7,3.3,3.3,2.8,2.6,2.9,3.0,3.8,3.5,4.3,4.5,4.8,5.5,6.3,6.4,5.7
Libya,0,0,0,0,0,0,0,0,0,0,0,1.6,1.9,3.1,2.4,1.8,1.9,2.9,3.4,2.9,3.8,6.1,5.3,3.7,4.0,3.3,2.3,2.0,2.5,3.8,3.2,2.9,1.8,2.2,0,0,0,0,0,0,0,0,0,0,0,0,0,0,4.1,5.3,3.8,3.1,2.4,2.1,2.1,2.1,1.5,1.1,0.9,1.2,0,0,0,2.8,5.6,11.4,0,0,0
Morocco,0,0,0,0,0,0,0,1.2,1.8,2.1,2.5,2.3,2.7,2.6,3.2,2.8,2.4,2.7,2.6,3.0,2.4,2.3,2.6,2.8,3.1,3.1,4.6,6.2,6.6,5.8,5.6,5.9,6.4,6.2,4.5,4.0,5.4,4.3,4.4,4.1,4.4,4.1,4.1,4.3,4.7,4.5,4.3,3.9,4.2,3.5,2.9,2.2,3.7,3.5,3.5,3.2,3.3,3.1,3.0,3.2,3.3,3.4,3.3,3.5,3.8,3.7,3.2,3.2,3.2
Tunisia,0,0,0,0,0,0,0,0,0,0,0,2.0,2.2,1.7,1.5,1.7,1.3,1.3,1.4,1.4,1.3,1.6,1.5,1.4,1.4,1.3,1.7,1.9,2.4,2.5,2.2,2.2,2.7,4.0,4.6,3.0,2.6,2.3,2.0,2.3,2.3,2.0,2.0,1.9,1.9,1.9,1.9,2.0,1.9,1.8,1.7,1.8,1.7,1.7,1.7,1.6,1.5,1.4,1.3,1.3,1.3,1.3,1.6,1.5,1.6,1.9,2.3,2.3,2.1
Sub-Saharan,,,,,,,,,,,,,,,,,,,,,,,,,,,,,,,,,,,,,,,,,,,,,,,,,,,,,,,,,,,,,,,,,,,,,
Angola,0,0,0,0,0,0,0,0,0,0,0,0,0,0,0,0,0,0,0,0,0,0,0,0,0,0,0,0,0,0,0,0,0,0,0,0,0.0,0.0,22.3,22.0,19.4,17.5,7.1,5.7,17.5,5.7,4.7,2.4,6.0,2.6,17.3,6.4,4.5,2.9,3.8,3.5,3.7,3.8,3.1,3.6,4.7,4.2,3.3,3.2,4.5,4.7,3.1,2.6,2.2
Benin,0,0,0,0,0,0,0,0,0,0,0,0.9,1.4,1.8,1.7,2.2,2.1,1.9,2.0,2.1,1.9,1.6,1.6,1.5,1.7,1.4,1.5,1.3,1.7,1.2,1.9,2.0,1.6,1.3,1.6,2.0,1.9,2.0,2.3,2.3,1.9,1.7,0,0,0,0,0,0,0,0,0.7,0.6,0.5,0.9,1.0,1.0,1.0,1.0,0,1.0,0,0,0,1.0,1.0,1.0,1.1,0.9,1.2
Botswana,0,0,0,0,0,0,0,0,0,0,0,0,0,0,0,0,0,0,0,0,0,0,0,0,0,0,0,0,1.4,2.9,3.5,3.2,3.0,2.7,2.3,2.4,2.2,2.7,4.8,4.9,3.6,4.4,4.6,4.5,4.9,4.0,3.5,2.9,3.2,3.8,3.1,3.2,3.8,4.1,4.0,3.5,2.9,2.7,2.8,3.0,3.2,2.7,2.3,2.2,2.1,2.1,2.7,3.3,3.1
Burkina Faso,0,0,0,0,0,0,0,0,0,0,0,0.7,0.8,2.3,2.4,2.6,1.5,1.6,1.3,1.2,1.2,1.2,1.2,1.1,1.2,1.2,2.8,3.1,3.0,3.3,2.7,2.7,2.8,3.0,2.9,3.0,1.8,2.6,2.3,2.3,2.7,2.7,2.2,2.0,1.9,1.4,1.4,1.3,1.4,1.3,1.4,1.4,1.3,1.3,1.2,1.4,1.4,1.2,1.6,1.4,1.5,1.4,1.3,1.3,1.4,1.4,1.3,1.2,1.4
Burundi,0,0,0,0,0,0,0,0,0,0,0,0,0,3.9,0.4,0.4,1.4,1.4,1.3,1.4,1.8,0,1.0,1.5,1.9,2.2,2.1,2.2,2.5,2.8,2.6,2.9,3.0,3.5,3.1,3.0,2.8,2.8,2.6,3.1,3.3,3.4,3.8,3.6,3.7,3.9,4.2,5.9,6.4,6.6,6.3,6.0,8.0,7.2,7.3,6.6,4.4,3.5,3.4,2.7,0,0,0,2.5,2.5,2.2,2.3,2.2,2.0
Cameroon,0,0,0,0,0,0,0,0,0,0,0,0,0,0,0,0,0,0,0,0,0,1.9,1.8,1.8,1.8,1.7,1.7,1.8,1.7,1.7,1.7,1.6,1.8,2.0,1.9,1.7,1.3,1.2,1.3,1.3,1.3,1.5,1.5,1.5,1.3,1.3,1.3,1.2,1.3,1.4,1.4,1.3,1.3,1.3,1.4,1.4,1.3,1.4,1.5,1.5,1.5,1.5,1.3,1.3,1.3,1.3,1.2,1.3,1.3
Cape Verde,0,0,0,0,0,0,0,0,0,0,0,0,0,0,0,0,0,0,0,0,0,0,0,0,0,0,0,0,0,0,0,0,0,0,0,2.8,2.5,2.3,2.1,1.9,0,0,0,1.0,0.8,0.8,1.3,0.8,0.8,0.9,0.8,1.3,0.8,0.7,0.7,0.7,0.7,0.6,0.5,0.6,0.5,0.5,0.5,0.6,0.5,0.5,0.6,0.6,0.5
Central African Rep.,0,0,0,0,0,0,0,0,0,0,0,0,0,0,0,0,0,0,0,0,0,0,0,0,0,0,0,0,0,0,0,0,0,0,0,0,0,0,0,0,0,0,1.6,1.6,1.5,1.3,1.2,1.2,0,0,0,0,0,1.0,1.3,1.2,1.1,0,1.1,1.5,1.7,2.5,2.1,1.9,3.0,2.1,1.6,1.4,1.3
Chad,0,0,0,0,0,0,0,0,0,0,0,0,0,0,0,0,0,0,0,0,0,0,0,0,0,0,0,0,0,0,0,0,0,0,4.7,4.4,3.7,4.6,2.9,5.3,3.9,2.0,0,1.9,2.7,1.9,1.4,1.5,1.1,0.9,1.4,1.5,1.5,1.7,1.5,1.1,0.8,3.0,4.5,5.9,8.0,5.8,5.0,0,5.6,2.8,2.0,3.2,2.2
Congo,0,0,0,0,0,0,0,0,0,0,0,0,0,0,0,0,0,0,0,0,0,4.9,4.6,3.5,4.2,4.2,4.5,4.7,5.0,4.3,4.4,3.4,3.2,3.3,0,2.3,2.6,0,4.4,0,0,0,0,4.3,4.1,0,0,0,0,0,0,0,1.9,2.3,2.7,2.7,1.7,1.6,2.3,2.0,0,1.8,0,0,2.6,5.0,0,7.1,6.2
"Congo, Dem. Rep.",0,0,0,0,0,0,0,0,0,0,0,0,0,0,0,0.0,0,0.0,0,0.0,0.0,0.0,0.0,0.0,0.0,0.0,0.0,0.0,0.0,0.0,0.0,0,0,0,0,0,0,0,0,0,0,0,0,0,5.2,0,0,1.5,1.4,0.4,1.2,0.2,0,0,0.9,1.3,1.4,1.4,1.3,0.8,0.7,0.9,1.0,1.2,1.1,1.0,1.3,0.9,0.7
Côte d’Ivoire,0,0,0,0,0,0,0,0,0,0,0,0,0,1.3,1.0,1.1,1.3,1.3,1.3,1.2,1.1,1.2,1.5,1.7,1.1,1.3,1.2,1.1,0.8,1.1,1.1,1.2,1.1,1.1,1.1,1.0,1.0,1.1,1.2,1.2,1.3,1.3,1.4,1.4,1.4,1.1,0,0.8,0.8,0,0,0,0,0,1.4,1.5,1.5,1.5,1.6,1.5,1.7,1.6,1.4,1.5,1.4,1.5,1.8,1.7,1.3
Djibouti,0,0,0,0,0,0,0,0,0,0,0,0,0,0,0,0,0,0,0,0,0,0,0,0,0,0,0,0,0,0.0,0.0,0.5,1.4,7.5,7.7,0,0,0,0,0,0,0,6.7,6.8,6.2,5.8,5.8,5.1,5.5,5.7,5.5,5.1,0,0,0,5.6,6.3,6.4,4.1,3.7,0,0,0,0,0,0,0,0,0
Equatorial Guinea,0,0,0,0,0,0,0,0,0,0,0,0,0,0,0,0,0,0,0,0,0,0,0,0,0,0,0,0,0,0,0,0,0,0,0,0,0,0,0,0,0,0,0,0,0,1.9,2.1,0,0,0,0,0,0,0,0,0,0,0,1.5,1.5,2.5,0,0,0,0,0.8,0,0.2,0
Eritrea,0,0,0,0,0,0,0,0,0,0,0,0,0,0,0,0,0,0,0,0,0,0,0,0,0,0,0,0,0,0,0,0,0,0,0,0,0,0,0,0,0,0,0,0,21.3,12.7,19.5,20.3,11.9,32.5,34.4,32.7,22.1,20.7,20.9,0,0,0,0,0,0,0,0,0,0,0,0,0,0
Ethiopia,0,0,0,0,0,0,0,0,0,0,0,0,1.9,1.9,2.4,2.9,3.2,3.1,2.5,2.2,2.0,1.9,1.9,1.9,1.9,2.8,4.5,4.1,4.0,4.8,6.9,8.7,7.5,7.5,7.2,8.0,6.8,6.7,6.9,8.5,10.3,9.7,5.7,3.4,3.1,2.9,2.2,2.1,3.3,7.3,9.5,7.6,4.3,3.7,3.3,3.1,2.8,2.3,1.9,1.5,1.2,1.1,1.1,0.9,0.8,0.8,0.7,0.7,0.7
Gabon,0,0,0,0,0,0,0,0,0,0,0,0,0,0,0,0,0,0,1.1,1.0,1.4,1.4,1.4,1.6,1.3,0.7,0.8,0.7,1.0,0,1.9,1.6,2.3,2.4,2.6,2.3,2.9,4.0,0,0,0,0,0,0,0,0,0,0,0,0,0,1.8,1.8,1.8,1.7,1.6,1.2,1.3,0,0,0,1.9,1.5,1.6,1.6,1.1,1.2,1.4,2.1
Gambia,0,0,0,0,0,0,0,0,0,0,0,0,0,0,0,0,0,0,0,0,0,0,0,0,0,0,0,0,0,0,0,0,0,0,0.3,0.5,0.6,0.6,0.6,0.8,1.0,1.1,0.6,0.5,0.3,0.3,0.4,0.5,0.5,0.5,0.4,0.4,0.4,0.4,0.4,0.3,0.5,0.4,0.6,1.8,0.8,0,0,1.2,1.1,1.7,1.5,0,0
Ghana,0,0,0,0,0,0,0,0,0,1.0,1.0,1.7,2.1,2.0,2.0,1.9,1.7,2.2,0,2.7,2.5,2.1,1.7,1.4,1.4,1.6,1.7,1.6,1.3,0.9,0.6,0.8,0.7,0.5,0.3,0.6,1.0,0.9,0.9,0.4,0.4,0.4,0.6,0.6,0.7,0.7,0.8,0.6,0.7,0.8,0.8,1.0,0.6,0.6,0.7,0.6,0.6,0.4,0.5,0.4,0.5,0.4,0.6,0.8,0.5,0.7,0.5,0.4,0.4
Guinea,0,0,0,0,0,0,0,0,0,0,0,0,0,0,0,0,0,0,0,0,0,0,0,0,0,0,0,0,0,0,0,0.9,0.8,0.6,0,0,0,0,0,0,0,0,2.4,1.7,1.3,1.4,0,0,1.2,1.3,1.6,1.5,3.1,3.3,2.4,2.2,0,0,0,0,0,0,0,3.0,3.2,3.0,3.3,2.5,2.3
Guinea-Bissau,0,0,0,0,0,0,0,0,0,0,0,0,0,0,0,0,0,0,0,0,0,0,0,0,0,0,0,0,0,0,0,0,0,0.0,0.0,0.0,0.0,0.0,0.1,0,0.2,0,0,0,0,0.3,0.5,0.6,0.7,1.4,0,2.3,1.6,1.6,1.6,0,2.1,0,0,0,1.7,2.0,1.6,2.3,1.9,1.8,1.7,0,0
Kenya,0,0,0,0,0,0,0,0,0,0,0,0,0,0,0.2,0.6,1.0,1.1,1.3,1.2,1.1,1.1,1.2,1.5,1.7,1.8,1.9,2.5,3.7,5.2,5.5,4.5,4.2,4.6,4.2,3.5,2.4,2.5,3.1,2.9,2.7,2.9,2.4,1.9,1.8,1.6,1.6,1.4,1.3,1.2,1.2,1.3,1.5,1.6,1.7,1.6,1.7,1.5,1.5,1.6,1.6,1.6,1.5,1.7,1.6,1.3,1.3,1.3,1.2
Lesotho,0,0,0,0,0,0,0,0,0,0,0,0,0,0,0,0,0,0,0,0,0,0,0,0,0,0,0,1.6,1.4,1.5,1.9,3.2,3.3,4.4,4.0,4.0,4.3,4.8,4.2,3.4,4.3,3.9,3.3,3.0,2.7,3.1,3.7,3.0,2.8,3.4,4.3,4.0,3.3,3.0,2.8,2.5,2.5,2.5,2.2,1.5,2.5,3.0,2.1,2.0,1.9,1.9,1.9,2.0,2.2
Liberia,0,0,0,0,0,0,0,0,0,0,0,0,0,0,0,0,1.2,1.1,1.2,1.1,1.0,1.1,1.2,1.1,1.0,0.9,1.0,1.1,1.2,1.2,1.2,1.5,3.1,5.0,4.7,2.9,3.0,2.9,2.3,2.4,0,0,7.2,10.1,19.0,29.7,0,0,0,0,0,0,0,0,0,0.7,1.5,0.6,0.5,0.5,0.6,0.7,0.9,0.9,0.8,0.7,0.7,0.7,0.6
Madagascar,0,0,0,0,0,0,0,0,0,0,0,0,1.5,1.5,1.5,1.5,1.6,1.5,1.6,1.5,1.5,1.4,1.3,1.5,1.5,1.7,1.6,1.9,2.3,2.4,2.9,2.8,3.0,0,0,1.9,1.8,1.6,1.4,1.3,1.2,1.2,1.3,0.8,1.1,0.9,0.9,1.2,1.5,1.3,1.2,1.2,1.4,1.3,1.3,1.2,1.1,1.0,1.1,1.1,0.8,0.7,0.7,0.7,0.7,0.7,0.6,0.6,0.6
Malawi,0,0,0,0,0,0,0,0,0,0,0,0,0,0,0,0,0.7,0.6,0.7,0.7,0.7,0.6,0.6,0.6,1.1,1.0,1.5,1.4,1.7,2.7,4.1,4.3,3.1,2.3,1.8,1.6,1.8,2.1,1.8,1.5,1.5,1.3,1.1,1.4,1.3,1.4,0.8,0.9,1.0,0.8,0.8,0.7,0.7,0.4,0.4,0.6,1.0,0.8,0.8,0.8,0.9,0.7,0.7,0.0,1.2,0.8,0.6,0.7,0.8
Mali,0,0,0,0,0,0,0,0,0,0,0,0,2.7,2.9,2.6,2.9,2.5,2.4,2.4,2.0,2.2,2.2,1.9,2.4,2.7,2.9,3.2,2.9,3.1,3.2,3.0,2.1,2.0,2.1,2.0,2.0,2.1,2.0,2.1,2.2,2.1,2.0,0,0,1.6,1.4,1.5,1.4,1.5,1.4,1.5,1.6,1.5,1.5,1.6,1.6,1.6,1.6,1.5,1.6,1.6,1.6,1.5,1.4,1.4,1.8,2.4,2.6,3.1
Mauritania,0,0,0,0,0,0,0,0,0,0,0,0,0,0,0,0,0,0,0,0,0,0,0,0,0,0,0,0,0,0,0,0,0,0,0,0,5.9,5.0,4.7,4.5,4.0,3.8,3.6,2.7,2.4,2.2,2.3,2.6,3.0,1.9,2.3,2.9,4.0,2.7,4.0,3.8,3.1,2.7,0,3.5,4.0,0,0,3.7,3.5,3.6,3.8,4.1,0
Mauritius,0,0,0,0,0,0,0,0,0,0,0,0,0,0,0,0,0,0,0,0.2,0.2,0.2,0.2,0.2,0.2,0.1,0.2,0.2,0.2,0.2,0.2,0.5,0.5,0.3,0.3,0.3,0.2,0.2,0.2,0.2,0.3,0.3,0.4,0.4,0.3,0.3,0.3,0.3,0.2,0.2,0.2,0.2,0.2,0.2,0.2,0.2,0.2,0.2,0.1,0.2,0.2,0.2,0.2,0.1,0.2,0.2,0.2,0.2,0.2
Mozambique,0,0,0,0,0,0,0,0,0,0,0,0,0,0,0,0,0,0,0,0,0,0,0,0,0,0,0,0,0,0,0,3.8,4.3,4.9,6.2,7.1,5.8,5.7,6.2,5.3,5.9,5.9,2.6,3.0,2.9,3.3,1.5,1.1,1.1,1.1,1.2,1.3,1.2,1.3,1.3,1.4,0.9,0.8,0.7,0.7,0.8,1.0,0.9,0.9,1.0,1.0,1.0,1.0,0.8
Namibia,0,0,0,0,0,0,0,0,0,0,0,0,0,0,0,0,0,0,0,0,0,0,0,0,0,0,0,0,0,0,0,0,0,0,0,0,0,0,0,0,0,0,5.6,4.3,2.5,1.8,1.9,1.9,2.3,2.3,3.1,2.7,3.0,2.6,2.6,2.5,2.6,2.5,2.6,3.1,3.4,3.5,3.6,3.2,3.1,4.2,4.5,3.8,3.4
Niger,0,0,0,0,0,0,0,0,0,0,0,0,0,0,0,0,0,0,0,0,0,0,0,0,0,0,0.9,0.8,0.9,0.9,0.8,0.7,0.6,0.6,0.7,0.7,0.7,0.8,0.6,0,0,0,0,0,0,1.2,1.0,0.9,0.9,1.1,1.2,1.2,1.3,1.0,0.9,1.1,1.0,0,0,1.0,1.0,1.2,1.3,2.1,1.4,1.8,0,2.2,2.7
Nigeria,0,0,0,0,0,0,0,0,0,0,0,0.7,0.8,1.1,1.1,1.2,1.4,1.1,5.8,9.2,10.3,5.3,4.4,5.4,5.5,4.3,8.1,5.8,6.0,5.3,4.3,3.3,2.8,2.3,2.2,1.6,1.4,1.3,0.8,0.9,0.6,0.8,0.8,0.6,0.9,0.8,0.5,0.4,0.4,0.5,0.9,0.8,1.3,1.5,0.9,0.7,0.6,0.5,0.6,0.8,0.9,0.5,0.6,0.5,0.5,0.4,0.4,0.4,0.4
Rwanda,0,0,0,0,0,0,0,0,0,0,0,0,0,0,0,0,0,0,0,0,0,0,0,0,1.9,1.5,1.6,1.6,2.2,1.6,1.7,1.9,2.0,2.0,1.9,1.6,1.6,1.8,1.7,1.6,1.8,3.7,5.5,4.3,4.5,3.4,0.6,0.9,0.9,0.9,0.9,0.7,0.7,0.7,0.6,0.6,0.5,0.6,0.6,0.6,0.7,0.7,0.7,0.7,0.7,0.8,0.9,1.0,1.0
Senegal,0,0,0,0,0,0,0,0,0,0,0,0,0,0,0,0,0,0,0,0,0,0,0,0,0,0,0,0,0,0,3.4,2.8,2.7,2.3,2.5,2.4,2.2,2.0,2.0,2.1,2.0,2.1,2.0,1.8,2.1,1.7,1.7,1.6,1.5,1.5,1.5,1.3,1.4,1.4,1.4,1.3,1.4,1.6,1.7,1.6,1.7,1.5,1.6,1.4,1.6,1.5,1.6,2.1,1.9
Seychelles,0,0,0,0,0,0,0,0,0,0,0,0,0,0,0,0,0,0,0,0,0,0,0,0,0,0,0,0,0,0,0,0,0,0,0,0,4.3,4.7,4.5,4.3,4.3,4.0,4.4,4.7,2.8,2.4,2.3,2.1,2.0,1.7,1.8,1.7,1.8,1.7,1.7,1.9,1.6,1.4,1.5,1.2,1.0,0.7,0.9,0.9,1.0,2.3,1.3,1.6,1.6
Sierra Leone,0,0,0,0,0,0,0,0,0,0,0,0,0.7,0.7,0.8,0.8,0.7,0.7,0.8,0.8,0.9,0.9,0.9,1.0,1.0,1.2,1.0,1.1,1.1,1.0,1.1,1.4,1.4,1.1,1.0,0.9,0.7,1.5,0.7,0.9,1.5,1.9,3.0,3.9,3.0,2.9,2.9,2.0,1.1,0,0,3.7,2.7,2.2,2.1,1.6,1.4,1.5,1.3,0.9,1.1,1.0,0.9,0.8,0.6,1.0,0.9,0.8,0.7
Somalia,0,0,0,0,0,0,0,0,0,0,0,0,0.2,0.3,0.3,0.3,0.3,0.4,0.4,0.4,0.4,0.5,0.5,0.5,0.5,0.7,0.5,0.5,0.5,1.0,1.0,0.5,0.6,0.3,0.2,0.1,0.1,28.9,17.0,17.4,1.5,0,0,0,0,0,0,0,0,0,0,0,0,0,0,0,0,0,0,0,0,0,0,0,0,0,0,0,0
South Africa,0,0,1.6,1.7,1.4,1.2,1.2,1.3,1.3,1.0,0.9,1.0,1.5,2.3,2.1,2.7,2.6,2.7,2.8,2.8,2.6,2.3,2.5,2.4,2.6,3.1,3.9,4.7,5.3,4.6,3.9,3.3,3.6,3.6,3.6,3.7,3.7,3.8,4.2,4.6,4.4,3.9,3.2,2.8,2.5,2.6,2.1,1.8,1.6,1.4,1.3,1.4,1.5,1.5,1.5,1.4,1.4,1.3,1.2,1.1,1.2,1.1,1.1,1.1,1.1,1.1,1.1,1.1,1.0
South Sudan,0,0,0,0,0,0,0,0,0,0,0,0,0,0,0,0,0,0,0,0,0,0,0,0,0,0,0,0,0,0,0,0,0,0,0,0,0,0,0,0,0,0,0,0,0,0,0,0,0,0,0,0,0,0,0,0,0,0,0,5.8,5.0,4.1,5.9,9.5,7.2,8.1,8.7,3.8,2.0
Sudan,0,0,0,0,0,0,0,1.1,1.6,1.5,1.7,1.9,1.8,2.1,2.1,3.1,4.1,3.5,3.7,3.8,5.2,5.0,4.6,4.2,3.2,2.6,2.3,2.7,2.6,2.0,2.6,2.3,1.8,2.4,3.3,4.1,3.4,3.2,2.6,3.6,0,4.8,5.0,4.4,4.9,3.9,1.7,1.3,1.0,2.4,4.0,4.5,2.5,2.6,1.8,4.6,3.3,3.6,4.1,5.0,5.3,0,0,0,0,0,2.4,2.5,3.2
Swaziland,0,0,0,0,0,0,0,0,0,0,0,0,0,0,0,0,0,0,0,0,0,0,0,0,0,0,0,0,1.8,2.4,2.5,2.4,2.2,2.2,2.3,2.0,1.8,1.6,1.4,1.3,1.3,1.3,1.4,1.6,1.7,1.8,1.7,1.7,1.5,1.6,1.7,1.4,1.3,1.3,1.5,1.5,1.9,1.8,1.8,2.1,2.1,2.3,2.1,1.9,1.9,1.8,1.7,1.6,1.8
Tanzania,0,0,0,0,0,0,0,0,0,0,0,0,0,0,0,0,0,0,1.4,1.5,1.7,2.3,3.1,3.4,4.2,5.4,5.4,4.7,5.5,10.1,8.5,4.5,5.6,5.5,5.4,5.2,5.4,5.7,3.2,2.4,2.4,2.0,2.2,2.1,1.4,1.3,1.6,1.6,1.5,1.6,1.5,1.5,1.5,1.3,1.1,1.0,0.8,0.8,0.8,0.7,0.8,0.9,0.9,0.9,1.0,1.1,1.1,1.1,1.1
Togo,0,0,0,0,0,0,0,0,0,0,0,0,0.3,0.5,0.8,2.2,1.9,1.3,1.3,1.4,1.3,1.4,1.4,1.5,1.7,1.5,1.9,2.5,3.1,2.7,2.2,2.2,2.4,2.3,2.1,2.2,2.5,2.8,3.5,3.1,3.1,3.1,2.9,2.9,4.0,2.6,2.0,0,0,0,0,0,0,0,1.4,1.4,1.5,0,0,1.7,1.6,1.7,1.6,1.6,1.7,1.8,1.7,1.9,1.9
Uganda,0,0,0,0,0,0,0,0,0,0,0,0,0,0.1,0.4,0.7,1.1,1.4,1.6,1.8,1.8,2.0,3.5,4.1,3.5,3.6,2.8,3.2,2.0,2.0,1.7,2.2,1.9,2.0,2.2,2.6,2.7,2.9,2.6,2.5,2.7,3.0,2.5,1.7,1.9,2.0,2.1,2.2,2.1,2.4,2.7,2.5,2.3,2.3,2.4,2.5,2.4,2.2,2.0,1.5,1.5,3.1,2.9,1.7,1.7,1.6,1.9,2.1,1.7
Zambia,0,0,0,0,0,0,0,0,0,0,0,0,0,0,0,0,0,0,0,0,0,0,0,0,0,0,0,0,0,0,0,0,0,0,0,3.0,2.4,3.7,3.2,2.4,4.2,3.7,2.6,3.0,1.6,1.9,1.6,1.2,1.1,0,1.8,0,0,0,0,1.7,1.8,1.7,2.1,2.1,1.7,1.4,1.3,1.4,1.4,1.7,1.8,1.5,1.3
Zimbabwe,0,0,0,0,0,0,0,0,0,0,0,0,0,0,0,0,1.2,1.3,1.4,2.1,2.4,2.4,2.3,2.2,2.6,3.0,3.4,4.6,6.5,8.0,8.5,6.6,4.9,5.1,5.6,5.7,5.5,5.5,5.8,5.2,4.9,4.7,4.4,4.4,3.8,3.6,3.7,3.4,3.7,4.8,3.8,5.2,4.2,10.7,3.4,4.4,2.3,3.0,0,0,0,1.0,1.6,2.3,2.3,2.3,2.3,2.2,2.0
Americas,,,,,,,,,,,,,,,,,,,,,,,,,,,,,,,,,,,,,,,,,,,,,,,,,,,,,,,,,,,,,,,,,,,,,
Central America and the Caribbean,,,,,,,,,,,,,,,,,,,,,,,,,,,,,,,,,,,,,,,,,,,,,,,,,,,,,,,,,,,,,,,,,,,,,
Belize,0,0,0,0,0,0,0,0,0,0,0,0,0,0,0,0,0,0,0,0,0,0,0,0,0,0,0,0,0,0,0,0,1.2,1.4,1.5,1.5,1.6,0,0,0,1.2,1.2,1.1,1.0,1.1,1.4,1.3,1.2,1.4,0,0,0.9,0.9,0.8,0.9,0.9,1.0,1.0,1.1,1.4,1.3,1.1,1.0,1.0,1.1,1.2,1.1,1.3,1.3
Costa Rica,0.0,0.0,0.0,0.0,0.0,0.0,0.0,0.0,0.0,0.0,0.0,0.0,0.0,0.0,0.0,0.0,0.0,0.0,0.0,0.0,0.0,0.0,0.0,0.0,0.0,0.0,0.0,0.0,0.0,0.0,0.0,0.0,0.0,0.0,0.0,0.0,0.0,0.0,0.0,0.0,0.0,0.0,0.0,0.0,0.0,0.0,0.0,0.0,0.0,0.0,0.0,0.0,0.0,0.0,0.0,0.0,0.0,0.0,0.0,0.0,0.0,0.0,0.0,0.0,0.0,0.0,0.0,0.0,0.0
Cuba,0,0,0,0,0,0,0,0,0,0,0,0,0,0,0,0,0,0,0,0,0,0,0,0,0,0,0,0,0,0,0,0,0,0,0,0,0,0,0,0,0,0,0,0,0,0,0,0,0,0,0,0,0,0,0,0,0,0,0,0,3.4,3.3,3.1,3.9,3.5,3.5,3.1,0,0
Dominican Rep.,0,0,0,0,0,0,0,0,0,5.3,0,5.2,5.2,4.3,3.9,3.8,4.2,3.5,3.2,3.2,2.6,2.4,2.2,2.0,1.8,2.0,1.8,1.9,1.9,2.2,2.2,1.6,1.7,1.6,1.4,1.2,1.2,1.3,1.0,0.9,0.8,0.7,0.3,0.6,0.8,0.7,0.5,0.6,0.8,0.8,0.8,1.0,1.2,1.1,0.8,0.7,0.8,0.7,0.6,0.7,0.7,0.7,0.6,0.7,0.6,0.7,0.7,0.7,0.7
El Salvador,0,0,0,0,0,0,0,0,0,0,0,0,0,0,0,0,0.7,0.7,0.7,0.7,0.7,0.6,0.7,0.9,0.9,0.8,0.8,0.9,1.0,1.1,1.6,1.7,2.3,2.8,3.6,6.4,6.6,4.3,4.5,4.3,4.9,3.4,2.7,2.3,1.7,1.4,1.2,1.1,1.0,0.9,0.9,0.8,1.1,1.1,0.8,0.8,0.8,0.8,0.8,0.8,0.9,0.9,1.0,0.9,1.0,0.9,1.0,0.9,0.9
Guatemala,0,0,0,0,0,0,1.3,1.3,1.3,1.2,1.3,1.2,1.1,1.0,1.2,1.0,1.4,1.4,1.5,1.3,1.0,1.7,1.1,1.1,0.9,0.9,1.2,1.3,1.4,1.2,1.3,1.3,1.9,2.0,2.0,2.2,2.0,1.7,1.8,1.9,1.8,1.7,1.3,1.5,1.3,1.2,1.1,0.9,0.7,0.7,0.7,0.8,1.1,0.8,0.8,0.5,0.4,0.4,0.4,0.4,0.4,0.4,0.4,0.4,0.5,0.4,0.4,0.4,0.4
Haiti,0,0,0,0,0,0,0,0,0,0,0,0,0,0,0,0,0,0,0,0,0,0,0,0,0,0,0,0,0,0,0,0,0,0,0,0,0,0,0,0.1,0.1,0.1,0.1,0.1,0.1,0.1,0.1,0,0,0,0,0,0,0,0,0,0,0,0,0,0,0,0,0,0.0,0.0,0.0,0.0,0.0
Honduras,0,0,1.0,0.9,1.0,1.0,1.1,1.1,1.6,1.7,1.5,1.2,1.1,1.0,0.9,1.3,1.2,1.2,1.1,1.1,1.1,1.4,1.5,1.8,1.7,1.6,1.9,1.8,1.9,2.3,2.2,2.2,2.1,2.3,2.3,2.4,2.6,2.8,3.0,2.9,2.7,2.2,1.5,0,1.2,0,0,0,0,0,0,0.7,0.8,0.8,1.0,0.7,0.6,0.7,0.8,1.0,1.1,1.1,1.1,1.1,1.5,1.6,1.5,1.6,1.6
Jamaica,0,0,0,0,0,0,0,0,0,0,0,0,0,0,0,0,0,0,0,0,0,0,0,0,0,0,0,0.9,0.9,0,0,0,1.5,1.6,1.4,1.1,0.9,0.9,0.8,0.8,0.9,0.8,0.8,1.1,0.8,0.6,0.5,0.6,0.7,0.5,0.5,0.5,0.5,0.6,0.6,0.5,0.5,0.6,0.7,1.0,0.9,0.9,0.9,0.9,0.9,0.9,0.9,1.0,0.9
Mexico,0.9,0.9,0.8,0.7,0.8,0.9,0.8,0.7,0.7,0.7,0.6,0.7,0.7,0.7,0.7,0.7,0.6,0.6,0.5,0.5,0.6,0.5,0.5,0.5,0.5,0.6,0.6,0.6,0.5,0.5,0.5,0.4,0.5,0.5,0.5,0.7,0.7,0.6,0.6,0.5,0.5,0.5,0.5,0.6,0.6,0.7,0.6,0.6,0.6,0.6,0.6,0.6,0.6,0.5,0.5,0.4,0.4,0.4,0.5,0.4,0.5,0.6,0.6,0.6,0.6,0.7,0.7,0.6,0.5
Nicaragua,0,0,0,0,0,0,0,0,0,0,0,0,0,0,0,0,0,0,0,1.5,1.4,1.6,1.5,1.9,1.4,1.5,1.7,2.1,2.5,3.2,3.1,3.3,4.3,0,0,0,0,0,0,0,0,0,4.0,2.6,2.1,1.2,1.1,0.9,0.9,0.7,0.7,0.8,0.7,0.9,0.9,0.7,0.7,0.6,0.5,0.5,0.5,0.5,0.5,0.7,0.7,0.7,0.8,0.6,0.6
Panama,0,0,0,0,0,0,0,0,0,0,0,0,0,0,0,0,0,0,0,0,0,0,0,0,0,0,0,0,0,0,0,0,0,0,0,0,0,0,1.8,2.1,2.1,1.3,1.2,1.1,1.2,1.2,1.1,1.1,1.2,1.0,1.0,0.0,0.0,0.0,0.0,0.0,0.0,0.0,0.0,0.0,0.0,0.0,0.0,0.0,0.0,0.0,0.0,0.0,0.0
Trinidad & Tobago,0,0,0,0,0,0,0,0,0,0,0,0,0,0,0,0,0,0,0,0.7,0.7,0.8,1.0,0.8,0.7,0.4,0.4,0.5,0.5,0.5,0.6,0.6,0.5,0,0,0,0,0,0,0,0,0,0,0,0.5,0.5,0,0,0,0,0,0,0.2,0.2,0.3,0.6,0.6,0.6,0.6,0.5,0.7,0.7,0.6,0.7,0.8,0.7,0.8,0.9,0.9
North America,,,,,,,,,,,,,,,,,,,,,,,,,,,,,,,,,,,,,,,,,,,,,,,,,,,,,,,,,,,,,,,,,,,,,
Canada,0,2.4,4.7,6.8,7.4,6.9,6.2,5.7,5.3,4.9,4.4,4.2,4.1,4.0,3.6,3.4,2.9,2.7,2.7,2.5,2.3,2.2,2.1,2.0,1.8,1.8,1.9,1.8,1.8,1.8,1.7,1.8,1.7,2.0,2.1,2.1,2.1,2.1,2.1,2.0,1.9,2.0,1.9,1.9,1.8,1.7,1.6,1.4,1.2,1.3,1.2,1.1,1.1,1.1,1.1,1.1,1.1,1.1,1.2,1.2,1.4,1.2,1.2,1.1,1.0,1.0,1.2,1.2,1.3
USA,5.1,4.9,9.7,13.3,13.0,11.2,9.7,9.5,9.6,9.7,9.0,8.6,8.8,8.9,8.5,7.7,7.2,8.1,9.1,8.9,8.3,7.7,6.6,6.3,5.7,5.7,5.4,5.0,5.0,4.8,4.8,5.0,5.4,6.6,6.0,5.9,6.1,6.3,6.1,5.7,5.5,5.3,4.6,4.7,4.3,3.9,3.6,3.4,3.2,3.0,2.9,2.9,2.9,3.2,3.6,3.8,3.8,3.8,3.8,4.2,4.6,4.7,4.6,4.2,3.8,3.5,3.3,3.2,3.1
South America,,,,,,,,,,,,,,,,,,,,,,,,,,,,,,,,,,,,,,,,,,,,,,,,,,,,,,,,,,,,,,,,,,,,,
Argentina,0,2.9,0,0,0,0,0,0,0,0,0.8,1.6,2.1,2.7,1.7,1.2,1.1,1.2,1.4,1.7,1.9,1.9,1.8,1.8,1.8,1.7,2.0,3.8,4.0,4.7,4.7,3.1,3.5,2.7,2.7,2.2,2.3,2.3,2.3,2.1,1.9,1.5,1.5,1.4,1.4,1.5,1.5,1.2,1.1,1.1,1.2,1.1,1.2,1.1,1.1,0.9,0.8,0.8,0.8,0.8,0.9,0.8,0.8,0.8,0.8,0.9,0.9,0.8,0.9
Bolivia,0,0,0,0,0.5,0,0.3,0.4,0.8,0,0,0,1.2,1.2,1.3,0,0,0,0,1.4,1.3,1.6,1.4,1.6,1.6,1.8,2.4,2.4,2.2,2.6,2.7,3.2,3.9,2.0,1.5,2.2,2.0,2.3,2.4,2.0,2.2,2.8,2.7,2.5,1.9,2.3,2.1,2.0,2.3,2.7,2.1,2.1,2.3,2.0,2.1,1.9,1.8,1.6,1.7,2.0,2.0,1.7,1.7,1.8,1.8,1.9,1.7,1.6,1.8
Brazil,0,0,0,0,3.6,0,0,0,4.4,4.1,3.0,2.7,2.4,2.4,2.3,2.0,3.4,3.0,2.9,2.6,2.6,2.9,2.6,2.4,2.2,1.9,2.0,2.0,1.7,1.6,1.5,1.1,1.1,1.3,1.3,1.2,1.4,1.2,1.7,2.1,2.7,2.4,2.0,1.5,1.9,2.0,1.9,1.7,1.6,1.7,1.6,1.7,2.0,1.9,1.5,1.5,1.5,1.5,1.5,1.4,1.5,1.5,1.4,1.4,1.3,1.3,1.4,1.3,1.4
Chile,0,2.6,3.1,2.6,2.8,1.7,2.3,2.3,3.1,2.7,2.2,3.1,3.5,3.0,2.9,2.6,2.9,2.7,2.7,2.5,2.3,4.5,6.3,6.6,6.3,7.1,6.7,6.1,6.9,6.7,6.3,6.5,7.0,8.9,7.6,7.6,6.9,6.3,5.6,4.1,3.6,3.4,2.8,2.6,2.7,2.6,2.6,2.4,2.5,2.6,2.7,2.7,2.7,2.6,2.7,2.7,2.5,2.5,2.3,2.6,2.3,2.2,2.3,2.0,2.0,2.0,1.9,1.9,1.9
Colombia,0,0,0,0,0,0,0,0,0,2.4,1.8,1.9,2.1,3.1,3.5,3.2,3.2,3.2,3.1,2.4,2.1,2.3,3.4,2.0,1.7,1.6,1.7,1.5,1.4,1.6,1.7,1.8,1.8,1.7,2.2,2.3,2.1,1.9,2.0,2.2,2.2,1.9,1.9,2.1,2.5,2.5,2.8,4.4,2.8,3.4,3.8,3.0,3.3,3.4,3.5,3.5,3.4,3.3,3.3,3.7,3.9,3.6,3.1,3.2,3.3,3.1,3.1,3.1,3.1
Ecuador,0,0,0,0,1.9,0,0,0,2.4,2.3,1.9,2.4,2.0,2.0,1.8,1.9,2.1,1.8,1.8,1.9,2.4,1.8,1.9,2.0,2.0,2.0,2.4,2.2,3.1,2.1,2.0,1.8,1.7,1.7,1.6,1.5,1.8,1.8,2.0,2.0,1.9,1.9,1.8,1.7,1.8,1.6,2.3,2.0,2.1,2.4,1.8,1.5,1.6,1.8,2.3,1.9,2.3,2.0,2.6,2.7,3.1,3.0,3.1,2.9,2.9,2.8,2.6,2.6,2.4
Guyana,0,0,0,0,0,0,0,0,0,0,0,0,0,0,0,0,0,0,0,0,0,0,0,0,1.6,2.9,7.0,8.4,6.1,3.9,3.7,3.7,3.9,5.1,4.5,4.7,8.4,5.4,3.1,2.7,1.6,0.9,0.6,1.0,1.0,1.0,0.9,0.8,0,0,0,1.8,2.0,2.3,2.2,2.8,2.2,1.3,1.4,1.6,1.5,1.4,1.3,1.2,1.2,1.3,1.3,1.4,1.4
Paraguay,0,0,0,0,0,0,0,0,0,0,0,2.5,2.3,2.3,2.4,2.4,2.6,2.9,3.0,3.2,3.2,3.3,3.2,3.8,3.4,2.6,3.1,3.0,2.9,3.0,2.0,2.2,2.5,3.8,3.6,3.5,3.8,3.8,2.8,3.2,2.4,2.1,2.8,2.4,2.2,2.0,2.3,2.1,1.7,1.5,1.4,1.3,1.2,1.1,1.0,1.1,0.9,1.0,1.0,0.9,1.1,1.0,1.1,1.3,1.3,1.3,1.4,1.3,1.2
Peru,2.9,2.8,2.9,2.7,2.8,2.7,2.8,3.0,2.9,2.9,2.8,2.5,2.6,2.4,3.3,3.3,3.1,2.8,4.7,2.4,2.4,3.5,3.6,3.6,3.9,3.9,5.2,5.7,8.2,6.2,3.4,4.6,4.0,5.1,4.8,3.4,3.9,3.3,3.4,2.2,2.2,2.7,2.0,2.5,2.7,2.5,2.6,2.5,2.0,2.0,1.9,1.7,1.7,1.5,1.5,1.4,1.6,1.5,1.3,1.2,1.5,1.5,1.4,1.5,1.6,1.6,1.7,1.3,1.0
Uruguay,0,0,0,0,0,0,0,0,0,0,0,0,0,0,0,0,0,0,0,0,0,0,0,2.2,3.8,4.5,4.3,3.5,3.7,3.6,3.8,4.7,6.3,6.4,5.4,4.6,4.3,4.1,3.0,3.2,3.5,3.5,2.4,2.8,2.8,2.6,2.7,2.8,2.4,2.3,2.4,2.4,2.5,2.5,2.2,2.0,2.0,2.0,1.8,1.9,1.8,1.9,1.7,1.8,1.8,1.8,1.8,1.9,2.1
Venezuela,0,0,0,0,0,0,2.6,2.8,3.2,3.4,3.0,3.1,1.4,2.3,2.6,2.4,2.6,2.7,2.9,2.7,2.5,2.3,2.7,2.8,2.5,2.3,2.6,1.9,2.1,2.1,1.9,1.7,1.5,2.2,3.0,2.3,1.4,1.6,1.6,1.8,2.8,1.5,1.8,1.6,2.1,1.6,1.5,1.0,1.8,1.6,1.4,1.5,1.6,1.2,1.2,1.3,1.8,2.0,1.9,1.8,1.2,1.0,1.1,1.3,1.7,1.2,0.9,0.5,0.5
Asia & Oceania,,,,,,,,,,,,,,,,,,,,,,,,,,,,,,,,,,,,,,,,,,,,,,,,,,,,,,,,,,,,,,,,,,,,,
Central Asia,,,,,,,,,,,,,,,,,,,,,,,,,,,,,,,,,,,,,,,,,,,,,,,,,,,,,,,,,,,,,,,,,,,,,
Kazakhstan,0,0,0,0,0,0,0,0,0,0,0,0,0,0,0,0,0,0,0,0,0,0,0,0,0,0,0,0,0,0,0,0,0,0,0,0,0,0,0,0,0,0,0,0,1.1,0.8,1.0,1.2,1.1,1.1,0.8,0.8,1.0,1.0,1.0,1.0,1.0,1.0,1.3,1.2,1.1,1.0,1.0,1.1,1.1,1.1,1.1,1.0,0.8
Kyrgyzstan,0,0,0,0,0,0,0,0,0,0,0,0,0,0,0,0,0,0,0,0,0,0,0,0,0,0,0,0,0,0,0,0,0,0,0,0,0,0,0,0,0,0,0,1.6,1.5,2.6,3.5,3.0,3.1,2.7,2.6,2.9,2.3,2.7,2.9,2.8,3.1,3.2,3.1,2.9,3.2,3.8,3.4,3.2,3.2,3.4,3.5,3.5,3.2
Tajikistan,0,0,0,0,0,0,0,0,0,0,0,0,0,0,0,0,0,0,0,0,0,0,0,0,0,0,0,0,0,0,0,0,0,0,0,0,0,0,0,0,0,0,0,0.0,0.0,0.0,1.1,1.3,1.7,1.7,1.4,0.6,0.6,1.0,1.1,1.1,0,0,0,1.0,1.0,1.0,1.1,1.0,0,1.1,1.2,0,0
Turkmenistan,0,0,0,0,0,0,0,0,0,0,0,0,0,0,0,0,0,0,0,0,0,0,0,0,0,0,0,0,0,0,0,0,0,0,0,0,0,0,0,0,0,0,0,0,0,1.8,2.3,2.0,4.0,3.1,2.9,0,0,0,0,0,0,0,0,0,0,0,0,0,0,0,0,0,0
Uzbekistan,0,0,0,0,0,0,0,0,0,0,0,0,0,0,0,0,0,0,0,0,0,0,0,0,0,0,0,0,0,0,0,0,0,0,0,0,0,0,0,0,0,0,0,0,0,1.5,1.1,1.2,1.4,0,1.6,1.2,0.8,0.6,0.5,0,0,0,0,0,0,0,0,0,0,0,0,0,0
East Asia,,,,,,,,,,,,,,,,,,,,,,,,,,,,,,,,,,,,,,,,,,,,,,,,,,,,,,,,,,,,,,,,,,,,,
"China, P.R.",0,0,0,0,0,0,0,0,0,0,0,0,0,0,0,0,0,0,0,0,0,0,0,0,0,0,0,0,0,0,0,0,0,0,0,0,0,0,0,0,2.5,2.5,2.3,2.5,2.0,1.7,1.7,1.7,1.7,1.7,1.9,1.9,2.1,2.2,2.1,2.1,2.0,2.0,1.9,1.9,2.1,1.9,1.8,1.8,1.9,1.9,1.9,1.9,1.9
Japan,0,0,0,2.1,2.0,2.2,2.1,1.7,1.5,1.4,1.3,1.1,0.9,0.9,0.9,0.9,0.9,0.9,0.8,0.8,0.8,0.8,0.8,0.8,0.8,0.9,0.9,0.9,0.9,0.9,0.9,0.9,0.9,0.9,1.0,1.0,1.0,1.0,1.0,0.9,0.9,0.9,0.9,0.9,1.0,0.9,0.9,0.9,0.9,0.9,0.9,0.9,0.9,1.0,1.0,0.9,0.9,0.9,0.9,0.9,1.0,1.0,1.0,1.0,1.0,1.0,1.0,0.9,0.9
"Korea, North",0,0,0,0,0,0,0,0,0,0,0,0,0,0,0,0,0,0,0,0,0,0,0,0,0,0,0,0,0,0,0,0,0,0,0,0,0,0,0,0,0,0,0,0,0,0,0,0,0,0,0,0,0,0,0,0,0,0,0,0,0,0,0,0,0,0,0,0,0
"Korea, South",0,0,0,0,2.4,5.9,6.2,8.3,6.8,7.4,7.6,7.2,6.7,6.9,4.8,4.1,4.4,4.7,4.7,4.7,4.7,4.4,4.7,5.0,4.0,4.5,4.9,5.9,6.0,6.4,5.5,6.4,6.4,6.2,5.7,5.3,5.2,4.9,4.5,4.3,4.3,4.0,3.7,3.7,3.4,3.2,2.9,2.7,2.7,2.8,2.5,2.5,2.4,2.3,2.3,2.3,2.5,2.5,2.5,2.6,2.7,2.6,2.6,2.6,2.6,2.7,2.6,2.6,2.6
Mongolia,0,0,0,0,0,0,0,0,0,0,0,0,0,0,0,0,0,0,0,0,0,0,0,0,0,0,0,0,0,0,0,0,0,0,0,0,0,0,5.8,6.3,6.3,4.3,3.2,1.9,1.7,1.7,1.6,1.8,1.6,1.9,1.8,2.0,1.8,1.8,1.5,1.4,1.2,1.1,1.3,1.2,0.8,0.8,0.8,0.9,0.8,0.9,0.9,0.8,0.7
Taiwan,0,0,0,0,0,0,0,0,0,0,0,0,0,0,0,0,0,0,0,0,0,0,0,0,0,0,0,6.2,6.9,7.0,7.6,7.3,6.6,7.0,6.3,5.7,6.1,5.4,4.9,5.1,5.3,5.2,5.0,4.7,5.0,4.7,4.1,4.0,3.7,3.3,3.1,2.7,2.7,2.4,2.3,2.2,2.1,2.0,2.0,2.1,2.3,2.0,2.1,2.1,1.9,1.8,1.9,1.9,1.8
South Asia,,,,,,,,,,,,,,,,,,,,,,,,,,,,,,,,,,,,,,,,,,,,,,,,,,,,,,,,,,,,,,,,,,,,,
Afghanistan,0,0,0,0,0,0,0,0,0,0,0,0,0,0,0,0,0,0,0,0,0,1.6,0,0,1.9,1.6,1.7,2.0,2.0,0,0,0,0,0,0,0,0,0,0,0,0,0,0,0,0,0,0,0,0,0,0,0,0,0,0,2.4,2.0,1.9,2.6,2.3,2.1,1.9,1.8,1.2,1.1,1.3,1.0,1.0,0.9
Bangladesh,0,0,0,0,0,0,0,0,0,0,0,0,0,0,0,0,0,0,0,0,0,0,0,0,0.7,0.6,0.8,1.5,1.6,1.3,0.9,0.9,0.9,1.1,1.3,1.2,1.1,1.1,1.2,1.2,1.3,1.2,1.2,1.4,1.4,1.5,1.6,1.5,1.6,1.6,1.6,1.4,1.3,1.2,1.1,1.1,1.1,1.1,1.1,1.1,1.2,1.3,1.4,1.3,1.3,1.3,1.4,1.4,1.4
India,0,0,0,0,0,0,0,2.0,2.5,1.9,2.1,2.0,2.1,2.7,4.0,3.8,3.9,3.6,3.2,3.2,3.1,3.2,3.7,3.7,3.2,3.2,3.5,3.5,3.2,3.1,3.3,3.1,3.2,3.3,3.3,3.4,3.6,4.1,4.2,3.7,3.5,3.2,3.0,2.8,2.9,2.8,2.7,2.5,2.7,2.8,3.1,3.1,2.9,2.8,2.7,2.8,2.8,2.5,2.3,2.6,2.9,2.7,2.7,2.5,2.5,2.5,2.4,2.5,2.5
Nepal,0,0,0,0,0,0,0,0,0,0,0,0,0,0,0,0,0,0,0,0,0,0.6,0.6,0.6,0.7,0.6,0.7,0.9,0.9,0.9,0.9,1.0,1.0,1.1,1.3,1.2,1.2,1.2,1.2,1.1,1.1,1.1,1.1,1.1,1.1,1.0,0.9,0.9,0.9,0.9,0.9,1.0,1.1,1.4,1.6,1.8,1.9,1.7,1.5,1.6,1.6,1.6,1.5,1.4,1.5,1.6,1.6,1.5,1.6
Pakistan,0,0,0,0,6.3,5.4,5.6,5.0,4.2,4.3,4.3,4.3,4.1,3.7,3.6,3.9,5.9,6.7,5.4,5.1,5.5,6.2,6.7,6.9,6.2,6.1,6.3,5.9,5.5,5.5,5.5,5.5,5.7,6.4,6.6,6.7,6.9,7.0,7.0,6.8,6.5,6.5,6.6,6.7,6.4,5.9,5.8,5.6,5.3,5.2,4.5,4.0,4.1,4.2,4.1,4.0,3.9,3.7,3.4,3.1,3.1,3.1,3.1,3.3,3.3,3.3,3.4,3.4,3.5
Sri Lanka,0,0,0.2,0.3,0.4,0.7,0.5,0.7,0.9,1.2,1.2,1.2,1.2,1.1,0.9,0.9,0.9,0.9,0.8,0.8,0.8,0.9,1.4,1.2,0.9,0.8,0.8,0.7,0.7,0.8,0.8,0.8,0.6,0.5,0.9,0.9,3.2,2.7,3.4,2.4,1.8,2.3,3.1,3.4,3.4,3.7,5.9,5.5,4.6,4.6,4.0,5.0,4.3,3.3,2.9,3.0,2.6,2.8,3.3,3.7,3.6,2.7,2.7,2.2,2.2,2.4,2.6,2.1,2.2
South-East Asia,,,,,,,,,,,,,,,,,,,,,,,,,,,,,,,,,,,,,,,,,,,,,,,,,,,,,,,,,,,,,,,,,,,,,
Brunei,0,0,0,0,0,0,0,0,0,0,0,0,0,0,0,0,0,0,0,0,0,0,0,0,0,0,0,0,0,0,0,0,0,0,0,2.6,2.9,4.7,3.8,6.6,6.2,6.4,6.4,6.2,5.7,6.0,5.5,6.2,7.2,7.5,6.1,4.1,3.9,3.9,3.7,2.5,2.6,2.6,2.6,2.5,3.3,2.9,2.2,2.2,2.3,3.1,3.3,3.5,2.9
Cambodia,0,0,0,0,0,0,0,0,0,0,0,0,0,0,0,0,0,0,0,0,0,0,0,0,0,0,0,0,0,0,0,0,0,0,0,0,0,1.1,1.6,1.3,2.0,2.1,2.3,3.1,1.8,3.8,3.6,3.2,3.0,2.7,2.5,2.2,1.8,1.5,1.4,1.3,1.1,1.0,0.9,0.8,1.3,1.5,1.5,1.5,1.6,1.7,2.1,1.8,2.1
Indonesia,0,0,0,0,0,0,0,0,0,0,0,0,0,0,0,0,0,0,0,0,0,0,0,0,0,2.7,3.5,3.4,3.2,3.2,3.0,2.9,2.9,2.9,2.4,2.3,2.2,2.0,1.7,1.5,1.4,1.4,1.3,1.4,1.2,1.3,1.2,1.3,1.5,1.0,0.8,0.7,0.6,0.7,0.9,0.9,0.8,0.7,0.8,0.6,0.6,0.6,0.7,0.7,0.9,0.8,0.9,0.8,0.8
Laos,0,0,0,0,0,0,0,0,0,0,0,0,0,0,0,0,0,0,0,0,0,0,0,0,0,0,0,0,0,0,0,0,0,0,0,0,0,0,0,0,0,0,0,8.7,8.1,7.5,5.8,4.2,3.8,2.6,1.1,0.8,0.7,0.6,0.6,0.5,0.4,0.4,0.4,0.3,0.3,0.2,0.2,0.2,0.2,0,0,0,0
Malaysia,0,0,0,0,0,0,0,0,3.7,4.1,3.1,2.7,2.2,2.2,2.4,3.2,4.0,4.7,4.5,4.5,3.9,5.2,5.4,5.0,3.9,4.2,4.7,4.0,4.9,3.7,3.7,4.2,5.8,5.4,4.4,3.8,3.5,3.2,4.1,2.4,2.6,2.6,3.2,3.0,2.9,2.8,2.8,2.4,2.1,1.6,2.1,1.6,2.1,2.2,2.6,2.3,2.2,2.0,2.1,1.9,2.0,1.5,1.6,1.4,1.5,1.5,1.5,1.4,1.1
Myanmar,0,0,0,0,0,0,0,0,0,0,0,0,6.1,5.7,6.8,6.0,6.7,6.1,5.2,5.0,5.3,5.6,5.7,5.5,5.1,4.0,3.8,3.8,4.0,3.9,3.6,3.4,3.5,3.2,3.1,2.9,3.0,2.9,2.0,2.1,3.0,3.4,3.2,3.4,3.5,3.5,3.7,3.5,2.7,2.3,2.0,2.3,1.8,1.3,1.9,1.9,1.6,0,0,0,0,0,0,3.7,3.8,3.6,4.1,3.7,2.5
Philippines,0,0,0,0,0,0,0,0,0,2.0,1.8,1.8,1.7,1.8,1.9,1.7,1.5,1.7,1.7,1.9,2.1,2.2,2.1,2.3,2.8,3.6,0,3.9,3.6,2.6,3.0,2.7,2.8,2.6,2.4,1.6,2.0,2.0,2.0,2.5,2.2,2.1,2.0,2.0,2.2,2.2,2.3,2.3,1.9,1.7,1.6,1.6,1.5,1.5,1.6,1.4,1.3,1.3,1.3,1.3,1.3,1.2,1.2,1.2,1.2,1.1,1.1,1.2,1.4
Singapore,0,0,0,0,0,0,0,0,0,0,0,0,0,0,0,0,0,0,0,0,0,5.4,5.6,5.1,4.7,4.3,4.6,5.0,5.7,5.2,4.7,4.6,4.7,4.7,4.1,4.7,5.7,5.4,4.9,4.5,4.5,4.6,4.4,4.5,4.1,3.8,4.2,4.3,4.5,5.2,5.2,4.5,4.8,4.9,4.9,4.4,4.3,3.9,3.6,3.9,3.9,3.4,3.2,3.2,3.1,3.1,3.2,3.3,3.3
Thailand,0,0,0,0,0,0,0,0,3.6,3.2,3.0,2.5,2.1,2.6,2.6,2.4,2.3,2.2,2.4,2.8,3.0,3.1,3.6,3.5,2.9,2.7,2.8,3.1,3.5,3.9,4.4,4.2,4.1,4.1,4.0,4.1,4.2,3.8,3.4,2.9,2.7,2.6,2.6,2.7,2.5,2.5,2.3,2.2,2.2,1.9,1.7,1.5,1.5,1.4,1.3,1.2,1.1,1.2,1.4,1.6,1.8,1.6,1.6,1.4,1.4,1.4,1.4,1.4,1.4
Timor Leste,0,0,0,0,0,0,0,0,0,0,0,0,0,0,0,0,0,0,0,0,0,0,0,0,0,0,0,0,0,0,0,0,0,0,0,0,0,0,0,0,0,0,0,0,0,0,0,0,0,0,0,0,0,0,0,0,0.4,0.6,0.8,0.5,1.1,0.6,0.3,0.5,0.6,0.7,1.2,0.9,0.9
Viet Nam,0,0,0,0,0,0,0,0,0,0,0,0,0,0,0,0,0,0,0,0,0,0,0,0,0,0,0,0,0,0,0,0,0,0,0,0,0,0,4.0,7.1,7.3,7.9,5.6,3.4,2.3,2.6,0,0,0,0,0,0,0,0,2.1,2.0,1.8,1.9,2.3,2.2,2.3,2.3,2.0,2.2,2.2,2.3,2.4,2.4,2.3
Oceania,,,,,,,,,,,,,,,,,,,,,,,,,,,,,,,,,,,,,,,,,,,,,,,,,,,,,,,,,,,,,,,,,,,,,
Australia,0,2.9,3.7,5.2,4.8,4.0,3.9,3.7,3.3,3.3,3.1,2.4,2.4,2.4,2.4,2.6,3.0,3.5,3.8,3.8,3.4,3.0,2.8,2.7,2.4,2.3,2.3,2.2,2.2,2.2,2.2,2.2,2.3,2.4,2.5,2.5,2.5,2.5,2.4,2.2,2.1,2.1,2.2,2.2,2.2,2.1,2.0,1.9,1.9,1.9,1.9,1.8,1.9,1.9,1.8,1.8,1.8,1.8,1.8,1.8,1.9,1.9,1.8,1.7,1.6,1.8,2.0,2.1,2.0
Fiji,0,0,0,0,0,0,0,0,0,0,0,0,0,0,0,0,0,0,0,0,0,0.2,0.2,0.2,0.2,0.2,0.3,0.4,0.5,0.9,0.9,0.9,0.9,1.3,1.3,1.3,1.2,1.1,2.1,2.2,2.5,2.3,2.3,2.0,2.0,1.8,1.8,1.5,1.5,1.4,1.2,1.9,2.0,1.7,1.6,1.7,1.4,1.8,2.2,1.5,1.8,1.6,1.6,1.5,1.4,1.0,1.0,1.0,0.9
New Zealand,0,0,0,0,0,0,0,3.1,2.9,2.8,2.8,2.7,2.5,2.3,2.2,2.5,2.4,2.6,2.6,2.7,2.6,2.6,2.3,2.2,2.0,2.1,2.1,1.9,2.1,2.2,2.2,3.0,2.7,2.6,2.4,2.4,2.4,2.4,2.4,2.1,2.1,2.3,2.3,2.1,1.9,1.8,1.8,1.8,1.7,1.7,1.6,1.6,1.5,1.4,1.4,1.3,1.2,1.3,1.2,1.2,1.3,1.3,1.2,1.2,1.1,1.1,1.1,1.1,1.2
Papua New Guinea,0,0,0,0,0,0,0,0,0,0,0,0,0,0,0,0,0,0,0,0,0,0,0,0,0,0,0.6,1.6,1.3,1.3,1.2,1.4,1.4,0,0,0,1.6,1.6,1.6,1.3,1.5,2.1,1.4,1.3,1.4,1.5,1.2,1.5,1.6,1.3,1.0,1.0,0.8,0.6,0.5,0.6,0.6,0.6,0.6,0.5,0.7,0.5,0.5,0.8,0.7,0.7,0.7,0.6,0.5
Europe,,,,,,,,,,,,,,,,,,,,,,,,,,,,,,,,,,,,,,,,,,,,,,,,,,,,,,,,,,,,,,,,,,,,,
Central Europe,,,,,,,,,,,,,,,,,,,,,,,,,,,,,,,,,,,,,,,,,,,,,,,,,,,,,,,,,,,,,,,,,,,,,
Albania,0,0,0,0,0,0,0,0,0,0,0,0,0,0,0,0,0,0,0,0,0,0,0,0,0,0,0,0,0,0,0,6.1,5.8,5.7,5.4,6.1,5.7,5.6,5.9,5.6,5.2,5.9,5.8,4.7,3.2,2.5,2.1,1.4,1.3,1.2,1.2,1.2,1.3,1.3,1.3,1.4,1.4,1.6,1.8,2.0,1.5,1.6,1.5,1.5,1.4,1.3,1.2,1.1,1.2
Bosnia-Herzegovina,0,0,0,0,0,0,0,0,0,0,0,0,0,0,0,0,0,0,0,0,0,0,0,0,0,0,0,0,0,0,0,0,0,0,0,0,0,0,0,0,0,0,0,0,0,0,0,0,0,0,0,0,0,3.9,2.4,1.9,1.5,1.3,1.2,1.2,1.4,1.3,1.1,1.1,1.1,1.0,1.0,1.0,0.9
Bulgaria,0,0,0,0,0,0,0,0,0,0,0,0,0,0,0,0,0,0,0,0,0,0,0,0,0,0,0,0,0,0,0,0,0,0,0,0,0,0,0,0,4.4,3.8,3.0,3.0,2.6,2.5,2.4,2.4,2.4,2.5,2.6,2.7,2.9,2.8,2.7,2.5,2.4,2.2,2.3,1.9,1.9,1.8,1.4,1.5,1.6,1.5,1.3,1.4,1.6
Croatia,0,0,0,0,0,0,0,0,0,0,0,0,0,0,0,0,0,0,0,0,0,0,0,0,0,0,0,0,0,0,0,0,0,0,0,0,0,0,0,0,0,0,0,7.6,10.7,11.1,9.3,8.3,8.9,6.6,4.4,3.0,2.7,2.7,2.0,1.8,1.8,1.7,1.6,1.8,1.8,1.7,1.8,1.7,1.7,1.6,1.5,1.4,1.4
Czech Rep.,0,0,0,0,0,0,0,0,0,0,0,0,0,0,0,0,0,0,0,0,0,0,0,0,0,0,0,0,0,0,0,0,0,0,0,0,0,0,0,0,0,0,0,0,2.3,2.3,1.8,1.7,1.7,1.8,1.9,1.9,1.8,1.8,1.9,1.7,1.8,1.6,1.4,1.2,1.3,1.2,1.1,1.1,1.0,1.0,1.0,1.0,1.1
Czechoslovakia,0,0,0,0,0,0,0,0,0,0,0,0,0,0,0,0,0,0,0,0,0,0,0,0,0,0,0,0,0,0,0,0,0,0,0,0,0,0,0,0,0,0,0,0,0,0,0,0,0,0,0,0,0,0,0,0,0,0,0,0,0,0,0,0,0,0,0,0,0
Estonia,0,0,0,0,0,0,0,0,0,0,0,0,0,0,0,0,0,0,0,0,0,0,0,0,0,0,0,0,0,0,0,0,0,0,0,0,0,0,0,0,0,0,0,0,0.8,1.0,1.0,0.9,1.0,1.1,1.3,1.4,1.5,1.7,1.7,1.7,1.9,1.9,2.0,2.1,2.2,1.7,1.7,1.9,1.9,2.0,2.1,2.1,2.1
German DR,0,0,0,0,0,0,0,0,0,0,0,0,0,0,0,0,0,0,0,0,0,0,0,0,0,0,0,0,0,0,0,0,0,0,0,0,0,0,0,0,0,0,0,0,0,0,0,0,0,0,0,0,0,0,0,0,0,0,0,0,0,0,0,0,0,0,0,0,0
Hungary,0,0,0,0,0,0,0,0,0,0,0,0,0,0,0,0,0,0,0,0,0,4.0,3.7,3.3,3.0,3.2,3.3,3.0,3.0,3.2,3.2,3.3,3.3,3.2,3.3,3.1,5.0,3.2,3.2,3.6,2.8,2.6,2.2,2.2,1.9,1.8,1.3,1.3,1.5,1.3,1.4,1.5,1.6,1.6,1.6,1.5,1.4,1.2,1.3,1.2,1.1,1.0,1.1,1.0,1.0,0.9,0.9,1.0,1.1
Kosovo,0,0,0,0,0,0,0,0,0,0,0,0,0,0,0,0,0,0,0,0,0,0,0,0,0,0,0,0,0,0,0,0,0,0,0,0,0,0,0,0,0,0,0,0,0,0,0,0,0,0,0,0,0,0,0,0,0,0,0,0.0,0.5,0.7,0.8,0.7,0.7,0.7,0.8,0,0
Latvia,0,0,0,0,0,0,0,0,0,0,0,0,0,0,0,0,0,0,0,0,0,0,0,0,0,0,0,0,0,0,0,0,0,0,0,0,0,0,0,0,0,0,0,0,0.7,0.8,0.8,0.6,0.6,0.6,0.8,0.9,1.0,1.5,1.6,1.6,1.6,1.7,1.6,1.6,1.4,1.1,1.0,0.9,0.9,0.9,1.1,1.5,1.7
Lithuania,0,0,0,0,0,0,0,0,0,0,0,0,0,0,0,0,0,0,0,0,0,0,0,0,0,0,0,0,0,0,0,0,0,0,0,0,0,0,0,0,0,0,0,0,0.8,0.5,0.5,0.5,0.7,1.2,1.0,1.2,1.4,1.3,1.1,1.2,1.2,1.2,1.1,1.1,1.1,0.9,0.8,0.8,0.8,0.9,1.1,1.5,1.7
"Macedonia, FYR",0,0,0,0,0,0,0,0,0,0,0,0,0,0,0,0,0,0,0,0,0,0,0,0,0,0,0,0,0,0,0,0,0,0,0,0,0,0,0,0,0,0,0,0,0,0,0,2.8,2.1,2.1,1.7,1.9,6.1,2.6,2.3,2.4,2.0,1.8,2.0,1.7,1.7,1.4,1.3,1.2,1.2,1.1,1.0,0.9,1.0
Montenegro,0,0,0,0,0,0,0,0,0,0,0,0,0,0,0,0,0,0,0,0,0,0,0,0,0,0,0,0,0,0,0,0,0,0,0,0,0,0,0,0,0,0,0,0,0,0,0,0,0,0,0,0,0,0,0,0,2.7,2.3,1.7,1.9,1.9,1.8,1.7,1.7,1.5,1.5,1.4,1.5,1.7
Poland,0,0,0,0,0,0,0,0,0,0,0,0,0,0,0,0,0,0,0,0,0,0,0,0,0,0,0,0,0,0,0,2.7,2.9,3.2,2.9,3.1,3.0,2.9,2.8,2.6,1.8,2.6,2.3,2.2,2.5,2.3,2.0,2.0,2.0,2.0,1.9,1.8,1.9,1.9,1.9,1.9,1.9,1.9,2.0,1.8,1.8,1.8,1.8,1.8,1.8,1.9,2.1,2.0,2.0
Romania,0,0,0,0,0,0,0,0,0,0,0,0,0,0,0,0,0,0,0,0,0,0,0,0,0,0,0,0,0,0,0,2.2,2.2,2.0,2.0,1.9,4.3,4.4,3.9,4.2,4.8,4.5,4.8,4.2,2.7,3.1,2.6,2.4,3.0,3.0,2.6,2.5,2.4,2.3,2.1,2.0,2.0,1.8,1.5,1.4,1.3,1.2,1.3,1.2,1.3,1.3,1.5,1.4,2.0
Serbia,0,0,0,0,0,0,0,0,0,0,0,0,0,0,0,0,0,0,0,0,0,0,0,0,0,0,0,0,0,0,0,0,0,0,0,0,0,0,0,0,0,0,0,0,0,0,0,3.5,3.8,3.5,4.0,5.2,4.0,4.2,3.4,3.0,2.4,2.3,2.4,2.3,2.3,2.2,2.1,2.1,2.0,2.1,1.9,1.9,1.8
Slovak Rep.,0,0,0,0,0,0,0,0,0,0,0,0,0,0,0,0,0,0,0,0,0,0,0,0,0,0,0,0,0,0,0,0,0,0,0,0,0,0,0,0,0,0,0,0,2.0,1.9,3.2,3.0,2.3,1.7,1.6,1.7,1.8,1.8,1.8,1.6,1.7,1.6,1.5,1.5,1.5,1.3,1.1,1.1,1.0,1.0,1.1,1.1,1.2
Slovenia,0,0,0,0,0,0,0,0,0,0,0,0,0,0,0,0,0,0,0,0,0,0,0,0,0,0,0,0,0,0,0,0,0,0,0,0,0,0,0,0,0,0,0,2.2,1.8,1.7,1.6,1.5,1.4,1.4,1.2,1.1,1.3,1.4,1.4,1.4,1.4,1.5,1.4,1.5,1.6,1.6,1.3,1.2,1.1,1.0,0.9,1.0,1.0
Yugoslavia (former),0,0,0,0,0,0,0,0,0,0,0,0,0,0,0,0,0,0,0,0,0,0,0,0,0,0,0,0,0,0,0,0,0,0,0,0,0,0,0,0,0,0,0,0,0,0,0,0,0,0,0,0,0,0,0,0,0,0,0,0,0,0,0,0,0,0,0,0,0
Eastern Europe,,,,,,,,,,,,,,,,,,,,,,,,,,,,,,,,,,,,,,,,,,,,,,,,,,,,,,,,,,,,,,,,,,,,,
Armenia,0,0,0,0,0,0,0,0,0,0,0,0,0,0,0,0,0,0,0,0,0,0,0,0,0,0,0,0,0,0,0,0,0,0,0,0,0,0,0,0,0,0,0,2.2,2.3,0,4.1,3.3,3.9,3.5,3.7,3.6,3.1,2.7,2.7,2.7,2.9,2.9,3.0,3.4,4.2,4.3,3.9,3.6,4.0,3.9,4.2,4.1,4.0
Azerbaijan,0,0,0,0,0,0,0,0,0,0,0,0,0,0,0,0,0,0,0,0,0,0,0,0,0,0,0,0,0,0,0,0,0,0,0,0,0,0,0,0,0,0,0,2.4,5.0,1.9,2.7,2.3,2.3,2.4,2.6,2.3,2.3,2.2,2.4,2.6,2.3,3.4,2.9,3.3,3.3,2.8,4.7,4.7,4.5,4.6,5.5,3.7,3.9
Belarus,0,0,0,0,0,0,0,0,0,0,0,0,0,0,0,0,0,0,0,0,0,0,0,0,0,0,0,0,0,0,0,0,0,0,0,0,0,0,0,0,0,0,0,1.6,2.8,3.6,1.7,1.3,1.8,1.5,1.4,1.3,1.4,1.4,1.3,1.4,1.5,1.7,1.6,1.5,1.4,1.4,1.3,1.3,1.3,1.3,1.3,1.3,1.2
Georgia,0,0,0,0,0,0,0,0,0,0,0,0,0,0,0,0,0,0,0,0,0,0,0,0,0,0,0,0,0,0,0,0,0,0,0,0,0,0,0,0,0,0,0,0,0,0,0,2.2,1.3,1.1,0.9,0.6,0.7,1.0,1.1,1.4,3.3,5.2,9.2,8.5,5.6,3.9,3.2,3.1,2.7,2.5,2.4,2.4,2.2
Moldova,0,0,0,0,0,0,0,0,0,0,0,0,0,0,0,0,0,0,0,0,0,0,0,0,0,0,0,0,0,0,0,0,0,0,0,0,0,0,0,0,0,0,0,0,0.5,0.8,0.9,0.9,0.9,0.6,0.5,0.4,0.4,0.4,0.4,0.4,0.4,0.5,0.5,0.6,0.5,0.3,0.3,0.3,0.3,0.3,0.4,0.4,0.4
Russian Federation,0,0,0,0,0,0,0,0,0,0,0,0,0,0,0,0,0,0,0,0,0,0,0,0,0,0,0,0,0,0,0,0,0,0,0,0,0,0,0,0,0,0,0,4.9,4.6,4.9,4.1,4.1,4.3,3.0,3.3,3.6,3.8,4.1,3.9,3.5,3.6,3.5,3.4,3.3,4.1,3.8,3.5,3.8,3.9,4.1,4.9,5.5,4.3
Ukraine,0,0,0,0,0,0,0,0,0,0,0,0,0,0,0,0,0,0,0,0,0,0,0,0,0,0,0,0,0,0,0,0,0,0,0,0,0,0,0,0,0,0,0,0,0.5,2.5,2.8,3.3,4.1,3.4,3.0,3.6,2.9,2.8,2.8,2.6,2.8,2.7,2.8,2.6,2.8,2.7,2.3,2.4,2.4,3.0,4.0,3.7,3.4
USSR,0,0,0,0,0,0,0,0,0,0,0,0,0,0,0,0,0,0,0,0,0,0,0,0,0,0,0,0,0,0,0,0,0,0,0,0,0,0,0,0,0,0,0,0,0,0,0,0,0,0,0,0,0,0,0,0,0,0,0,0,0,0,0,0,0,0,0,0,0
Western Europe,,,,,,,,,,,,,,,,,,,,,,,,,,,,,,,,,,,,,,,,,,,,,,,,,,,,,,,,,,,,,,,,,,,,,
Austria,0,0,0,0,0,0,0,0,1.6,1.8,1.7,1.5,1.3,1.4,1.6,1.9,1.5,1.6,1.6,1.5,1.5,1.4,1.2,1.2,1.2,1.3,1.5,1.4,1.3,1.4,1.4,1.4,1.4,1.4,1.4,1.4,1.5,1.5,1.4,1.3,1.2,1.2,1.2,1.1,1.1,1.1,1.1,1.0,1.0,1.0,1.0,1.0,0.9,0.9,0.9,0.9,0.9,0.8,0.9,0.9,0.8,0.8,0.8,0.8,0.8,0.8,0.7,0.7,0.7
Belgium,0,0,0,0,4.9,4.9,3.8,3.6,3.6,3.6,3.5,3.4,3.3,3.3,3.2,3.2,3.0,3.1,3.1,3.1,2.9,2.9,2.9,2.9,2.8,2.8,3.1,3.1,3.1,3.3,3.3,3.3,3.4,3.3,3.2,3.0,2.9,3.0,2.9,2.6,2.5,2.4,2.3,1.8,1.7,1.7,1.6,1.5,1.5,1.5,1.4,1.3,1.3,1.2,1.2,1.1,1.1,1.1,1.1,1.2,1.2,1.1,1.0,1.0,1.0,1.0,0.9,0.9,0.9
Cyprus,0,0,0,0,0,0,0,0,0,0,0,0,0,0,0,0,0,0,0,0,0,0,0,0,0,0,0,0,0,0,0,0,0,0,0,0,1.3,1.6,5.4,5.7,5.4,7.4,7.3,9.1,4.1,4.0,3.0,4.5,5.6,4.7,2.7,2.8,3.1,2.1,2.0,1.9,2.0,1.9,1.7,1.6,1.8,1.9,1.7,1.7,1.6,1.5,1.7,1.6,1.9
Denmark,0,1.7,2.1,2.7,3.4,3.2,3.2,3.0,3.1,2.9,2.6,2.7,2.6,3.0,3.0,2.8,2.8,2.6,2.6,2.7,2.4,2.4,2.4,2.2,2.0,2.2,2.4,2.2,2.2,2.3,2.3,2.4,2.4,2.4,2.4,2.2,2.1,1.9,2.0,2.1,2.0,2.0,2.0,1.9,1.9,1.8,1.7,1.6,1.6,1.6,1.6,1.5,1.5,1.5,1.5,1.4,1.3,1.4,1.3,1.4,1.4,1.4,1.3,1.4,1.2,1.2,1.1,1.2,1.2
Finland,0,0,0,0,0,0,0,0,0,1.7,1.9,1.8,1.8,2.5,1.9,1.9,1.8,1.7,1.6,1.8,1.4,1.4,1.4,1.5,1.5,1.3,1.5,1.3,1.4,1.4,1.5,1.7,1.5,1.6,1.8,1.6,1.7,1.7,1.6,1.6,1.5,1.6,1.8,1.9,1.9,1.8,1.4,1.5,1.5,1.5,1.2,1.2,1.1,1.2,1.4,1.5,1.5,1.4,1.3,1.4,1.6,1.5,1.5,1.5,1.5,1.5,1.5,1.4,1.4
France,0,5.5,7.1,8.6,9.0,7.3,6.4,7.7,7.3,6.8,6.7,6.5,6.3,6.1,5.6,5.4,5.2,5.1,5.1,4.9,4.4,4.1,3.9,3.8,3.7,3.7,3.8,3.8,3.8,3.8,3.7,3.8,3.9,3.8,3.9,3.8,3.7,3.7,3.7,3.5,3.4,3.3,3.3,3.2,3.2,3.2,3.0,2.9,2.8,2.7,2.6,2.5,2.4,2.4,2.5,2.5,2.4,2.3,2.3,2.3,2.5,2.3,2.3,2.2,2.2,2.2,2.3,2.3,2.3
Germany,0,0,0,0,4.2,4.0,4.1,3.6,4.1,3.0,4.4,4.0,4.0,4.8,5.2,4.7,4.3,4.2,4.3,3.6,3.6,3.2,3.3,3.4,3.4,3.5,3.5,3.3,3.2,3.2,3.1,3.1,3.2,3.2,3.2,3.1,3.0,3.0,2.9,2.8,2.7,2.7,2.1,2.0,1.8,1.6,1.6,1.6,1.5,1.5,1.5,1.4,1.4,1.4,1.4,1.3,1.3,1.3,1.2,1.3,1.4,1.4,1.3,1.3,1.2,1.2,1.2,1.2,1.2
Greece,5.9,6.0,6.6,6.4,5.1,5.5,5.1,5.9,5.0,4.8,4.9,4.9,4.2,4.0,3.8,3.6,3.5,3.6,4.3,4.7,4.8,4.2,4.1,4.0,3.5,4.8,5.8,5.8,5.9,5.6,5.2,4.7,5.7,5.6,5.2,4.8,4.7,4.1,4.3,4.2,3.8,3.8,3.5,3.6,3.6,3.6,3.2,3.3,3.4,3.5,3.4,3.5,3.3,3.1,2.5,2.6,2.8,2.8,2.7,3.0,3.2,2.7,2.5,2.4,2.4,2.3,2.5,2.6,2.5
Iceland,0.0,0.0,0.0,0.0,0.0,0.0,0.0,0.0,0.0,0.0,0.0,0.0,0.0,0.0,0.0,0.0,0.0,0.0,0.0,0.0,0.0,0.0,0.0,0.0,0.0,0.0,0.0,0.0,0.0,0.0,0.0,0.0,0.0,0.0,0.0,0.0,0.0,0.0,0.0,0.0,0.0,0.0,0.0,0.0,0.0,0.0,0.0,0.0,0.0,0.0,0.0,0.0,0.0,0.0,0.0,0.0,0.0,0.0,0.0,0.0,0.0,0.0,0.0,0.0,0.0,0.0,0.0,0.0,0.0
Ireland,0,0,0,0,0,0,0,0,0,1.4,1.4,1.3,1.3,1.3,1.2,1.3,1.3,1.2,1.2,1.1,1.1,1.2,1.2,1.3,1.3,1.4,1.6,1.6,1.5,1.5,1.6,1.7,1.6,1.6,1.5,1.4,1.4,1.4,1.3,1.2,1.1,1.2,1.3,1.2,1.1,1.1,1.0,1.0,0.9,0.8,0.8,0.7,0.7,0.6,0.6,0.6,0.5,0.5,0.5,0.6,0.6,0.6,0.5,0.5,0.5,0.5,0.4,0.3,0.4
Italy,0,0,4.3,4.5,3.8,4.0,3.7,3.6,3.5,3.4,3.3,3.1,2.9,3.0,3.1,3.1,3.1,3.4,3.1,3.0,2.7,2.3,2.5,2.7,2.5,2.3,2.2,2.1,2.1,2.1,2.1,2.0,2.1,2.3,2.3,2.3,2.2,2.2,2.3,2.3,2.3,2.1,2.1,2.0,2.0,1.9,1.7,1.8,1.8,1.9,1.9,2.0,1.9,1.9,1.9,1.9,1.8,1.7,1.6,1.7,1.8,1.7,1.7,1.6,1.6,1.5,1.4,1.5,1.5
Luxembourg,0,1.3,1.6,2.4,2.9,3.3,3.2,1.9,1.9,1.9,1.8,1.0,1.1,1.3,1.2,1.4,1.4,1.3,1.1,0.9,0.8,0.8,0.8,0.8,0.8,0.8,1.0,1.0,1.0,1.0,1.0,1.2,1.2,1.2,1.2,1.2,1.0,0.9,1.0,1.1,0.9,0.9,0.9,0.9,0.8,0.8,0.7,0.6,0.7,0.7,0.6,0.6,0.8,0.6,0.7,0.7,0.7,0.6,0.6,0.4,0.4,0.5,0.4,0.4,0.4,0.4,0.5,0.4,0.5
Malta,0,0,0,0,0,0,0,0,0,0,0,0,0,0,0,0,0,0,0,0,0,0,0,0,0,0,0,0,0,0,0,0,0,0,0,0,1.3,1.3,1.5,1.2,1.1,0.9,0.9,1.0,1.0,1.0,0.8,0.9,0.8,0.7,0.7,0.6,0.7,0.6,0.6,0.7,0.8,0.7,0.6,0.6,0.7,0.7,0.6,0.5,0.5,0.5,0.5,0.5,0.5
Netherlands,0,0,0,0,0,0,0,5.8,5.3,4.7,4.0,3.7,4.1,4.1,4.0,3.9,3.6,3.4,3.5,3.3,3.2,2.9,2.8,2.8,2.7,2.7,2.8,2.7,3.0,2.7,2.8,2.8,2.9,3.1,2.8,2.9,2.8,2.7,2.7,2.6,2.5,2.4,2.2,2.2,2.0,1.9,1.8,1.8,1.7,1.6,1.6,1.4,1.5,1.4,1.5,1.4,1.4,1.4,1.4,1.3,1.4,1.3,1.3,1.3,1.2,1.2,1.1,1.2,1.2
Norway,2.7,2.4,3.0,4.0,5.1,5.0,3.9,3.5,3.6,3.5,3.6,3.2,3.0,3.2,3.2,3.1,3.4,3.6,3.5,3.6,3.6,3.5,3.4,3.3,3.1,3.0,3.2,3.1,3.1,2.8,2.8,2.6,2.6,2.7,2.8,2.5,2.8,2.8,3.0,2.9,2.9,2.9,2.7,3.0,2.7,2.7,2.3,2.2,2.0,2.2,2.0,1.7,1.7,2.1,2.0,1.8,1.6,1.5,1.5,1.4,1.6,1.5,1.5,1.4,1.4,1.5,1.5,1.6,1.6
Portugal,0,3.1,0,0,3.3,3.4,3.4,3.3,3.3,3.2,3.4,3.4,5.1,5.6,5.2,5.4,5.0,5.1,5.9,6.0,5.5,5.5,5.7,5.4,4.6,5.7,4.1,3.1,2.7,2.8,2.7,2.7,2.7,2.7,2.5,2.5,2.4,2.5,2.5,2.5,2.5,2.4,2.4,2.4,2.4,2.2,2.3,2.1,2.0,1.9,1.9,1.9,1.9,1.9,1.9,2.0,2.0,1.9,1.8,1.8,2.0,2.0,2.0,1.9,2.1,1.8,1.8,1.7,1.7
Spain,0,0,0,0,0,2.3,2.3,2.3,2.2,1.9,1.9,2.3,2.0,2.3,2.0,1.9,1.9,2.1,1.9,2.3,2.4,2.3,2.1,2.3,2.1,2.2,2.0,2.3,2.3,2.4,2.5,2.5,2.6,2.7,2.9,3.0,3.0,2.6,2.6,2.5,2.4,2.3,2.1,2.0,2.0,2.0,1.9,1.8,1.7,1.8,1.8,1.7,1.6,1.5,1.4,1.4,1.4,1.4,1.4,1.4,1.3,1.4,1.3,1.4,1.3,1.2,1.3,1.1,1.2
Sweden,0,0,0,0,0,0,0,0,0,0,0,3.8,3.7,3.9,4.0,3.9,3.9,3.9,3.6,3.5,3.5,3.4,3.4,3.4,3.3,3.2,3.1,3.0,3.1,3.1,3.1,2.9,2.9,2.9,2.7,2.7,2.7,2.6,2.7,2.6,2.5,2.6,2.5,2.4,2.4,2.3,2.2,2.2,2.0,1.9,1.9,1.8,1.7,1.6,1.6,1.4,1.4,1.3,1.3,1.2,1.2,1.2,1.1,1.1,1.1,1.1,1.1,1.1,1.0
Switzerland,0,0,0,0,0,0,0,0,2.8,3.0,2.7,2.3,2.5,2.6,2.5,2.5,2.5,2.5,2.4,2.2,2.2,2.1,2.1,2.0,1.9,1.9,1.9,2.2,2.0,2.0,2.0,1.7,1.7,1.7,1.7,1.7,1.8,1.7,1.6,1.6,1.5,1.6,1.5,1.5,1.4,1.3,1.4,1.3,1.2,1.2,1.1,1.0,1.0,1.0,0.9,0.9,0.9,0.8,0.7,0.7,0.7,0.7,0.7,0.7,0.7,0.7,0.7,0.7,0.7
UK,0,6.4,7.4,9.3,9.8,9.0,8.1,7.7,7.1,6.8,6.5,6.3,6.2,6.2,6.1,5.9,5.8,5.6,5.6,5.3,4.9,4.6,4.5,4.6,4.4,4.5,4.8,4.6,4.4,4.2,4.2,4.5,4.5,4.8,4.8,4.9,4.8,4.5,4.2,3.8,3.6,3.6,3.7,3.5,3.2,3.0,2.6,2.5,2.3,2.3,2.2,2.2,2.2,2.3,2.3,2.3,2.2,2.1,2.2,2.3,2.4,2.4,2.3,2.2,2.1,2.0,1.9,1.8,1.8
Middle East,,,,,,,,,,,,,,,,,,,,,,,,,,,,,,,,,,,,,,,,,,,,,,,,,,,,,,,,,,,,,,,,,,,,,
Bahrain,0,0,0,0,0,0,0,0,0,0,0,0,0,0,0,0,0,0,0,0,0,0,0,0,0,0,1.5,1.8,2.1,5.0,5.9,5.7,6.9,8.5,4.8,4.2,4.6,5.8,5.3,5.6,5.6,5.3,5.7,5.9,5.4,5.1,5.2,5.3,5.1,5.3,5.5,4.0,4.1,4.6,4.7,4.0,3.2,3.1,3.0,2.8,3.6,3.3,3.6,3.8,4.1,4.4,4.6,4.7,4.1
Egypt,0,0,0,0,0,0,0,0,0,0,0,0,0,6.7,8.7,10.3,10.1,8.7,8.9,11.1,14.3,16.0,17.2,13.6,13.5,17.3,15.4,13.7,13.1,9.9,6.5,6.2,7.4,7.2,8.0,8.3,7.9,7.5,6.5,5.1,4.0,3.6,3.8,3.4,3.3,3.3,3.2,3.1,3.0,2.8,2.7,2.7,3.1,3.4,3.3,3.0,2.9,2.7,2.5,2.3,2.1,2.1,1.9,1.8,1.6,1.5,1.6,1.5,1.3
Iran,0,0,0,0,0,0,0,0,0,0,0,2.3,2.3,2.3,2.6,2.9,3.2,3.8,4.5,5.2,6.0,5.9,3.0,2.3,1.9,8.8,12.1,11.2,10.2,11.1,5.8,5.3,8.2,7.9,7.1,6.4,6.5,6.1,5.9,6.3,4.6,3.2,2.4,1.9,1.8,2.3,2.4,2.5,2.8,2.9,2.7,1.2,1.3,1.2,1.3,1.5,1.6,3.4,2.8,2.9,3.2,2.9,2.4,2.7,2.2,2.2,2.6,2.8,3.1
Iraq,0,0,0,0,0,0,0,0,6.5,6.1,6.7,7.1,6.9,6.9,8.3,8.0,8.9,8.5,8.4,9.2,11.4,11.2,10.5,10.6,12.3,12.5,11.7,11.2,9.8,8.1,6.1,5.5,10.8,0,0,0,0,0,0,0,0,0,0,0,0,0,0,0,0,0,0,0,0,0,0,1.7,2.2,1.9,2.2,2.4,2.9,2.7,2.3,1.9,3.3,3.0,5.3,3.5,3.9
Israel,0,0,0,0,0,0,0,0,0,0,0,7.5,7.9,9.2,9.8,9.0,8.6,9.4,15.4,17.4,19.1,23.4,22.8,20.4,27.9,27.7,30.5,29.2,23.1,22.9,19.4,18.9,20.3,18.4,15.5,16.2,16.6,14.8,16.9,17.3,13.8,13.8,17.5,12.2,12.9,11.3,8.9,8.7,8.4,7.9,7.3,7.1,7.3,8.3,8.5,8.2,7.6,7.5,6.8,6.6,6.7,6.2,6.2,6.0,5.9,6.0,5.7,4.7,4.7
Jordan,0,0,0,0,0,0,0,0,0,0,22.5,20.4,16.5,18.1,17.1,14.8,13.4,19.5,23.5,24.1,20.2,18.5,17.2,18.4,18.7,17.5,15.2,17.2,12.5,11.7,12.2,10.6,10.0,9.9,9.9,9.2,10.0,9.8,9.6,9.4,9.1,7.8,10.0,6.9,7.0,6.5,4.5,6.0,6.1,6.3,6.3,6.3,5.9,5.4,6.0,5.1,4.8,4.7,6.0,6.2,6.6,5.7,5.5,4.8,4.3,4.3,4.3,4.6,4.8
Kuwait,0,0,0,0,0,0,0,0,0,0,0,0,0,0,0,0,0,0,0,0,0,2.4,1.9,2.0,2.5,3.0,0,0,5.3,4.8,3.5,3.3,4.1,6.0,6.8,6.8,6.4,7.2,6.0,8.2,8.5,48.5,117.3,31.8,12.4,13.3,13.6,10.3,8.1,8.8,7.6,7.2,7.7,7.4,6.5,5.8,4.3,3.5,3.6,3.0,4.0,3.8,3.5,3.4,3.3,3.6,5.0,5.8,5.8
Lebanon,0,0,0,0,0,0,0,0,0,0,0,0,0,0,0,3.7,3.9,4.2,4.8,4.8,4.6,4.3,4.0,5.1,3.8,0,0,12.1,4.7,8.5,10.1,12.4,9.6,9.3,13.5,11.0,6.3,5.3,1.1,1.2,0,7.6,5.2,8.0,6.0,7.0,6.7,5.7,4.3,4.0,4.8,5.4,5.4,4.7,4.6,4.5,4.5,4.6,4.6,4.0,4.0,4.1,4.1,4.0,4.1,4.6,4.4,5.0,4.5
Oman,0,0,0,0,0,0,0,0,0,0,0,0,0,0,0,0,0,0,0,0,0,0,12.9,19.8,24.8,20.7,33.3,30.7,25.0,27.9,20.9,19.9,21.0,22.2,22.9,22.5,20.7,21.2,17.6,18.3,16.7,16.5,14.8,16.2,15.4,15.7,14.6,12.5,12.5,12.6,11.5,10.8,12.5,12.4,12.2,12.1,11.8,10.8,10.3,7.6,9.3,8.3,9.8,16.2,14.8,13.5,14.4,16.0,12.1
Qatar,0,0,0,0,0,0,0,0,0,0,0,0,0,0,0,0,0,0,0,0,0,0,0,0,0,0,0,0,0,0,0,7.9,12.2,19.3,14.0,12.7,24.8,0,15.9,16.3,13.1,10.7,13.0,0,0,0,0,0,0,0,0,0,0,3.9,3.3,2.4,2.0,1.8,2.0,2.0,2.0,1.5,0,0,0,0,0,0,0
Saudi Arabia,0,0,0,0,0,0,0,0,0,0,0,0,0,0,5.9,6.0,7.7,11.3,11.5,8.1,9.6,9.4,8.6,10.1,10.8,0,0,0,15.6,16.7,15.8,12.6,13.3,17.7,17.0,19.0,17.0,0,16.9,15.2,13.4,14.0,12.5,11.3,12.5,10.6,9.3,8.5,11.0,14.3,11.4,10.6,11.5,9.8,8.7,8.1,7.7,7.8,8.5,7.4,9.6,8.6,7.2,7.7,9.0,10.7,13.5,9.9,10.3
Syria,0,0,0,0,0,0,0,0,0,0,0,10.5,9.5,13.5,0,8.6,8.9,7.7,8.2,12.2,10.8,11.2,8.4,10.8,15.1,12.7,15.9,14.7,14.5,14.7,15.9,17.2,14.5,15.6,14.6,17.7,16.6,14.4,11.2,7.9,8.0,6.9,10.4,9.0,7.2,7.4,6.9,6.0,5.9,5.8,5.8,5.5,5.5,5.4,6.2,5.5,5.0,4.4,4.1,3.6,4.0,4.1,0,0,0,0,0,0,0
Turkey,0,0,0,0,0,0,0,0,0,0,0,3.5,3.8,3.7,3.4,3.4,3.6,3.1,3.3,3.3,3.1,3.3,3.5,3.4,3.3,3.2,5.1,4.9,4.7,4.2,3.4,3.9,3.8,4.3,3.9,3.6,3.5,3.6,3.3,2.9,3.1,3.5,3.8,3.9,3.9,4.1,3.9,4.1,4.1,3.2,3.9,3.7,3.6,3.8,3.3,2.7,2.4,2.4,2.3,2.2,2.5,2.3,2.1,2.1,2.0,1.9,1.8,2.1,2.2
UAE,0,0,0,0,0,0,0,0,0,0,0,0,0,0,0,0,0,0,0,0,0,0,0,0,0,0,0,0,0,0,0,0,0,0,0,0,0,0,0,0,0,0,0,0,0,0,0,0,6.8,8.6,7.7,8.3,5.6,4.9,4.7,4.6,3.7,3.2,3.3,3.7,5.5,6.0,5.5,5.1,6.0,5.6,0,0,0
Yemen,0,0,0,0,0,0,0,0,0,0,0,0,0,0,0,0,0,0,0,0,0,0,0,0,0,0,0,0,0,0,0,0,0,0,0,0,0,0,0,0,0,6.2,6.6,6.8,6.6,7.9,6.0,5.0,5.5,5.7,4.9,4.4,4.8,6.0,6.0,4.7,4.3,3.6,4.1,3.9,5.0,4.7,5.2,5.0,4.7,5.0,0,0,0
"Yemen, North",0,0,0,0,0,0,0,0,0,0,0,0,0,0,0,0,0,0,0,0,0,0,0,0,0,0,0,0,0,0,0,0,0,0,0,0,0,0,0,0,0,0,0,0,0,0,0,0,0,0,0,0,0,0,0,0,0,0,0,0,0,0,0,0,0,0,0,0,0
