Year,Afghanistan,African Union**,Albania,Algeria,Angola,Anti-Castro rebels (Cuba)*,Argentina,Armas (Guatemala)*,Australia,Austria,Azerbaijan,Bahamas,Bahrain,Bangladesh,Barbados,Belgium,Belize,Benin,Biafra,Bolivia,Bosnia-Herzegovina,Botswana,Brazil,Brunei,Bulgaria,Burkina Faso,Burundi,Cambodia,Cameroon,Canada,Central African Republic,Chad,Chile,China,Colombia,Congo,Contras (Nicaragua)*,Costa Rica,Cote d'Ivoire,Croatia,Cuba,Cyprus,Czech Republic,Denmark,Djibouti,Dominican Republic,DR Congo,Ecuador,Egypt,El Salvador,Equatorial Guinea,Estonia,Ethiopia,Fiji,Finland,France,Gabon,Georgia,Germany (FRG),Ghana,Greece,Guatemala,Guinea,Guyana,Haiti,Haiti rebels*,Honduras,Hungary,India,Indonesia,Indonesia rebels*,Iran,Iraq,Ireland,Israel,Italy,Jamaica,Japan,Jordan,Kazakhstan,Kenya,Kuwait,Laos,Latvia,Lebanon,Lesotho,Liberia,Libya,Libya GNC,Libya HoR,Lithuania,Luxembourg,Macedonia (FYROM),Madagascar,Malawi,Malaysia,Mali,Malta,Marshall Islands,Mauritania,Mauritius,Mexico,Micronesia,Morocco,Mujahedin (Afghanistan)*,Myanmar,Namibia,NATO**,Nepal,Netherlands,New Zealand,Nicaragua,Niger,Nigeria,North Korea,North Yemen,Norway,Oman,Pakistan,Palau,Panama,Papua New Guinea,Paraguay,Peru,Philippines,Poland,Portugal,Qatar,Regional Security System**,Romania,Rwanda,Saint Kitts and Nevis,Saint Vincent,Saudi Arabia,Senegal,Serbia,Seychelles,Sierra Leone,Singapore,Slovakia,Slovenia,Somalia,South Africa,South Korea,South Sudan,South Vietnam,Spain,Sri Lanka,Sudan,Suriname,Sweden,Switzerland,Syria,Syria rebels*,Taiwan,Tanzania,Thailand,Togo,Tonga,Trinidad and Tobago,Tunisia,Turkey,UAE,Uganda,Ukraine,UNITA (Angola)*,United Kingdom,United Nations**,Unknown recipient(s),Uruguay,Uzbekistan,Venezuela,Viet Nam,Yemen,Yugoslavia,Zimbabwe,Total,Year
1950,0.0,0.0,0.0,0.0,0.0,0.0,70.0,0.0,0.0,0.0,0.0,0.0,0.0,0.0,0.0,35.0,0.0,0.0,0.0,0.0,0.0,0.0,0.0,0.0,0.0,0.0,0.0,0.0,0.0,557.0,0.0,0.0,1.0,0.0,3.0,0.0,0.0,0.0,0.0,0.0,0.0,0.0,0.0,17.0,0.0,2.0,0.0,0.0,24.0,1.0,0.0,0.0,0.0,0.0,0.0,218.0,0.0,0.0,0.0,0.0,95.0,0.0,0.0,0.0,4.0,0.0,0.0,0.0,0.0,0.0,0.0,4.0,0.0,0.0,2.0,138.0,0.0,0.0,0.0,0.0,0.0,0.0,0.0,0.0,0.0,0.0,0.0,0.0,0.0,0.0,0.0,0.0,0.0,0.0,0.0,0.0,0.0,0.0,0.0,0.0,0.0,0.0,0.0,0.0,0.0,0.0,0.0,0.0,0.0,58.0,0.0,0.0,0.0,0.0,0.0,0.0,18.0,0.0,36.0,0.0,0.0,0.0,5.0,0.0,0.0,0.0,10.0,0.0,0.0,0.0,0.0,0.0,0.0,0.0,0.0,0.0,0.0,0.0,0.0,0.0,0.0,0.0,0.0,141.0,0.0,0.0,1.0,0.0,0.0,0.0,0.0,0.0,2.0,0.0,0.0,0.0,22.0,0.0,0.0,0.0,0.0,104.0,0.0,0.0,0.0,0.0,105.0,0.0,0.0,68.0,0.0,0.0,0.0,0.0,0.0,0.0,1742.0,0
1951,0.0,0.0,0.0,0.0,0.0,0.0,445.0,0.0,21.0,0.0,0.0,0.0,0.0,0.0,0.0,301.0,0.0,0.0,0.0,6.0,0.0,0.0,259.0,0.0,0.0,0.0,0.0,0.0,0.0,941.0,0.0,0.0,247.0,0.0,4.0,0.0,0.0,0.0,0.0,0.0,9.0,0.0,0.0,36.0,0.0,11.0,0.0,0.0,0.0,0.0,0.0,0.0,0.0,0.0,0.0,466.0,0.0,0.0,0.0,0.0,398.0,6.0,0.0,0.0,0.0,0.0,1.0,0.0,1.0,0.0,0.0,6.0,0.0,0.0,1.0,201.0,0.0,0.0,0.0,0.0,0.0,0.0,0.0,0.0,0.0,0.0,0.0,0.0,0.0,0.0,0.0,0.0,0.0,0.0,0.0,0.0,0.0,0.0,0.0,0.0,0.0,7.0,0.0,0.0,0.0,0.0,0.0,0.0,0.0,331.0,0.0,0.0,0.0,0.0,0.0,0.0,69.0,0.0,0.0,0.0,0.0,0.0,0.0,0.0,2.0,0.0,13.0,0.0,0.0,0.0,0.0,0.0,0.0,0.0,0.0,0.0,0.0,0.0,0.0,0.0,0.0,0.0,73.0,256.0,0.0,0.0,0.0,0.0,0.0,0.0,7.0,0.0,0.0,0.0,98.0,0.0,85.0,0.0,0.0,0.0,0.0,124.0,0.0,0.0,0.0,0.0,246.0,0.0,0.0,3.0,0.0,0.0,0.0,0.0,63.0,0.0,4737.0,1
1952,0.0,0.0,0.0,0.0,0.0,0.0,38.0,0.0,100.0,0.0,0.0,0.0,0.0,0.0,0.0,747.0,0.0,0.0,0.0,0.0,0.0,0.0,0.0,0.0,0.0,0.0,0.0,0.0,0.0,1008.0,0.0,0.0,16.0,0.0,12.0,0.0,0.0,0.0,0.0,0.0,0.0,0.0,0.0,326.0,0.0,10.0,0.0,0.0,0.0,0.0,0.0,0.0,0.0,0.0,0.0,578.0,0.0,0.0,0.0,0.0,307.0,0.0,0.0,0.0,3.0,0.0,2.0,0.0,67.0,0.0,0.0,0.0,0.0,0.0,2.0,335.0,0.0,8.0,0.0,0.0,0.0,0.0,0.0,0.0,0.0,0.0,0.0,0.0,0.0,0.0,0.0,0.0,0.0,0.0,0.0,0.0,0.0,0.0,0.0,0.0,0.0,0.0,0.0,0.0,0.0,0.0,0.0,0.0,0.0,268.0,0.0,0.0,0.0,0.0,0.0,4.0,368.0,0.0,0.0,0.0,0.0,0.0,1.0,76.0,1.0,0.0,116.0,0.0,0.0,0.0,0.0,0.0,0.0,6.0,0.0,0.0,0.0,0.0,0.0,0.0,0.0,0.0,92.0,266.0,0.0,0.0,0.0,0.0,0.0,0.0,15.0,1.0,0.0,0.0,304.0,0.0,57.0,0.0,0.0,0.0,0.0,317.0,0.0,0.0,0.0,0.0,531.0,0.0,0.0,38.0,0.0,20.0,0.0,0.0,374.0,0.0,6414.0,2
1953,0.0,0.0,0.0,0.0,0.0,0.0,4.0,0.0,0.0,2.0,0.0,0.0,0.0,0.0,0.0,465.0,0.0,0.0,0.0,0.0,0.0,0.0,28.0,0.0,0.0,0.0,0.0,0.0,0.0,1324.0,0.0,0.0,10.0,0.0,12.0,0.0,0.0,0.0,0.0,0.0,0.0,0.0,0.0,390.0,0.0,21.0,0.0,11.0,0.0,0.0,0.0,0.0,6.0,0.0,0.0,1060.0,0.0,0.0,0.0,0.0,86.0,0.0,0.0,0.0,0.0,0.0,0.0,0.0,0.0,6.0,0.0,1.0,0.0,0.0,6.0,687.0,0.0,222.0,0.0,0.0,0.0,0.0,0.0,0.0,0.0,0.0,0.0,0.0,0.0,0.0,0.0,0.0,0.0,0.0,0.0,0.0,0.0,0.0,0.0,0.0,0.0,6.0,0.0,0.0,0.0,0.0,0.0,0.0,0.0,508.0,0.0,3.0,0.0,0.0,0.0,0.0,412.0,0.0,0.0,0.0,0.0,0.0,1.0,0.0,32.0,0.0,284.0,0.0,0.0,0.0,0.0,0.0,0.0,1.0,0.0,0.0,0.0,0.0,0.0,0.0,0.0,0.0,0.0,255.0,0.0,0.0,20.0,0.0,0.0,0.0,0.0,0.0,0.0,0.0,383.0,0.0,42.0,0.0,0.0,0.0,0.0,508.0,0.0,0.0,0.0,0.0,1586.0,0.0,0.0,3.0,0.0,1.0,0.0,0.0,525.0,0.0,8907.0,3
1954,0.0,0.0,0.0,0.0,0.0,0.0,5.0,8.0,0.0,0.0,0.0,0.0,0.0,0.0,0.0,209.0,0.0,0.0,0.0,2.0,0.0,0.0,8.0,0.0,0.0,0.0,0.0,0.0,0.0,892.0,0.0,0.0,28.0,0.0,31.0,0.0,0.0,0.0,0.0,0.0,3.0,0.0,0.0,30.0,0.0,2.0,0.0,0.0,0.0,1.0,0.0,0.0,0.0,0.0,0.0,1051.0,0.0,0.0,0.0,0.0,79.0,2.0,0.0,0.0,0.0,0.0,1.0,0.0,52.0,0.0,0.0,75.0,0.0,0.0,0.0,302.0,0.0,316.0,0.0,0.0,0.0,0.0,0.0,0.0,0.0,0.0,0.0,0.0,0.0,0.0,0.0,0.0,0.0,0.0,0.0,0.0,0.0,0.0,0.0,0.0,0.0,0.0,0.0,0.0,0.0,0.0,0.0,0.0,0.0,434.0,0.0,13.0,0.0,0.0,0.0,0.0,19.0,0.0,53.0,0.0,0.0,0.0,0.0,111.0,2.0,0.0,192.0,0.0,0.0,0.0,0.0,0.0,0.0,2.0,0.0,0.0,0.0,0.0,0.0,0.0,0.0,0.0,0.0,158.0,0.0,0.0,76.0,0.0,0.0,0.0,0.0,0.0,8.0,0.0,300.0,0.0,23.0,0.0,0.0,0.0,0.0,397.0,0.0,0.0,0.0,0.0,507.0,0.0,0.0,1.0,0.0,13.0,0.0,0.0,531.0,0.0,5939.0,4
1955,0.0,0.0,0.0,0.0,0.0,0.0,0.0,0.0,10.0,0.0,0.0,0.0,0.0,0.0,0.0,299.0,0.0,0.0,0.0,0.0,0.0,0.0,53.0,0.0,0.0,0.0,0.0,4.0,0.0,973.0,0.0,0.0,5.0,0.0,13.0,0.0,0.0,3.0,0.0,0.0,13.0,0.0,0.0,57.0,0.0,0.0,0.0,0.0,0.0,0.0,0.0,0.0,0.0,0.0,0.0,1086.0,0.0,0.0,85.0,0.0,107.0,8.0,0.0,0.0,0.0,0.0,0.0,0.0,189.0,1.0,0.0,110.0,0.0,0.0,1.0,478.0,0.0,411.0,0.0,0.0,0.0,0.0,0.0,0.0,0.0,0.0,0.0,0.0,0.0,0.0,0.0,0.0,0.0,0.0,0.0,0.0,0.0,0.0,0.0,0.0,0.0,0.0,0.0,0.0,0.0,0.0,0.0,0.0,0.0,219.0,0.0,5.0,0.0,0.0,0.0,0.0,160.0,0.0,135.0,0.0,0.0,0.0,0.0,26.0,36.0,0.0,138.0,0.0,0.0,0.0,0.0,0.0,0.0,16.0,0.0,0.0,0.0,0.0,0.0,0.0,0.0,0.0,0.0,346.0,0.0,6.0,178.0,0.0,0.0,0.0,0.0,0.0,0.0,0.0,590.0,0.0,34.0,0.0,0.0,0.0,0.0,254.0,0.0,0.0,0.0,0.0,185.0,0.0,0.0,1.0,0.0,23.0,0.0,0.0,334.0,0.0,6591.0,5
1956,0.0,0.0,0.0,0.0,0.0,0.0,39.0,0.0,60.0,45.0,0.0,0.0,0.0,0.0,0.0,341.0,0.0,0.0,0.0,0.0,0.0,0.0,14.0,0.0,0.0,0.0,0.0,11.0,0.0,611.0,0.0,0.0,40.0,0.0,14.0,0.0,0.0,0.0,0.0,0.0,35.0,0.0,0.0,68.0,0.0,1.0,0.0,6.0,0.0,0.0,0.0,0.0,1.0,0.0,0.0,1142.0,0.0,0.0,1262.0,0.0,92.0,6.0,0.0,0.0,6.0,0.0,9.0,0.0,4.0,0.0,0.0,121.0,27.0,0.0,3.0,1112.0,0.0,758.0,0.0,0.0,0.0,0.0,1.0,0.0,0.0,0.0,0.0,0.0,0.0,0.0,0.0,0.0,0.0,0.0,0.0,0.0,0.0,0.0,0.0,0.0,0.0,0.0,0.0,0.0,0.0,0.0,0.0,0.0,0.0,432.0,0.0,1.0,0.0,0.0,0.0,0.0,194.0,0.0,155.0,0.0,0.0,0.0,0.0,42.0,42.0,0.0,64.0,0.0,0.0,0.0,0.0,0.0,0.0,9.0,0.0,0.0,0.0,0.0,0.0,0.0,0.0,0.0,10.0,412.0,0.0,45.0,244.0,0.0,0.0,0.0,0.0,0.0,0.0,0.0,256.0,0.0,10.0,0.0,0.0,0.0,0.0,198.0,0.0,0.0,0.0,0.0,126.0,0.0,0.0,18.0,0.0,52.0,0.0,0.0,246.0,0.0,8382.0,6
1957,0.0,0.0,0.0,0.0,0.0,0.0,14.0,0.0,75.0,85.0,0.0,0.0,0.0,0.0,0.0,286.0,0.0,0.0,0.0,0.0,0.0,0.0,110.0,0.0,0.0,0.0,0.0,4.0,0.0,245.0,0.0,0.0,24.0,0.0,15.0,0.0,0.0,0.0,0.0,0.0,7.0,0.0,0.0,60.0,0.0,1.0,0.0,0.0,0.0,17.0,0.0,0.0,15.0,0.0,3.0,650.0,0.0,0.0,1820.0,0.0,354.0,0.0,0.0,0.0,0.0,0.0,1.0,0.0,3.0,10.0,0.0,53.0,4.0,0.0,10.0,890.0,0.0,1047.0,0.0,0.0,0.0,0.0,1.0,0.0,0.0,0.0,0.0,0.0,0.0,0.0,0.0,0.0,0.0,0.0,0.0,0.0,0.0,0.0,0.0,0.0,0.0,0.0,0.0,0.0,0.0,4.0,0.0,0.0,0.0,309.0,0.0,0.0,0.0,0.0,0.0,0.0,137.0,0.0,242.0,0.0,0.0,0.0,0.0,89.0,45.0,0.0,96.0,0.0,0.0,0.0,0.0,0.0,0.0,50.0,0.0,0.0,0.0,0.0,0.0,0.0,0.0,0.0,0.0,236.0,0.0,8.0,252.0,0.0,0.0,0.0,0.0,2.0,0.0,0.0,352.0,0.0,90.0,0.0,0.0,0.0,0.0,473.0,0.0,0.0,0.0,0.0,74.0,0.0,0.0,19.0,0.0,135.0,0.0,0.0,331.0,0.0,8747.0,7
1958,0.0,0.0,0.0,0.0,0.0,0.0,66.0,0.0,190.0,6.0,0.0,0.0,0.0,0.0,0.0,288.0,0.0,0.0,0.0,26.0,0.0,0.0,135.0,0.0,0.0,0.0,0.0,4.0,0.0,179.0,0.0,0.0,32.0,0.0,24.0,0.0,0.0,0.0,0.0,0.0,0.0,0.0,0.0,53.0,0.0,2.0,0.0,13.0,0.0,0.0,0.0,0.0,23.0,0.0,0.0,1051.0,0.0,0.0,2212.0,0.0,447.0,0.0,0.0,0.0,0.0,0.0,20.0,0.0,0.0,57.0,6.0,129.0,4.0,0.0,2.0,415.0,0.0,1239.0,1.0,0.0,0.0,0.0,10.0,0.0,43.0,0.0,0.0,0.0,0.0,0.0,0.0,0.0,0.0,0.0,0.0,0.0,0.0,0.0,0.0,0.0,0.0,16.0,0.0,0.0,0.0,0.0,0.0,0.0,0.0,203.0,0.0,6.0,0.0,0.0,0.0,0.0,142.0,0.0,168.0,0.0,0.0,0.0,0.0,30.0,24.0,0.0,90.0,0.0,0.0,0.0,0.0,0.0,0.0,36.0,0.0,0.0,0.0,0.0,0.0,0.0,0.0,0.0,0.0,212.0,0.0,15.0,126.0,0.0,0.0,0.0,11.0,0.0,0.0,0.0,721.0,0.0,15.0,0.0,0.0,0.0,0.0,514.0,0.0,0.0,0.0,0.0,539.0,0.0,0.0,3.0,0.0,26.0,0.0,0.0,112.0,0.0,9686.0,8
1959,0.0,0.0,0.0,0.0,0.0,0.0,27.0,0.0,213.0,18.0,0.0,0.0,0.0,0.0,0.0,143.0,0.0,0.0,0.0,3.0,0.0,0.0,125.0,0.0,0.0,0.0,0.0,0.0,0.0,206.0,0.0,0.0,2.0,0.0,10.0,0.0,0.0,0.0,0.0,0.0,1.0,0.0,0.0,250.0,0.0,4.0,0.0,0.0,0.0,0.0,0.0,0.0,6.0,0.0,0.0,795.0,0.0,0.0,726.0,0.0,286.0,0.0,0.0,0.0,0.0,0.0,1.0,0.0,0.0,0.0,0.0,105.0,0.0,0.0,13.0,417.0,0.0,661.0,0.0,0.0,0.0,0.0,0.0,0.0,0.0,0.0,1.0,0.0,0.0,0.0,0.0,0.0,0.0,0.0,0.0,0.0,0.0,0.0,0.0,0.0,0.0,2.0,0.0,0.0,0.0,16.0,0.0,0.0,0.0,57.0,0.0,0.0,0.0,0.0,0.0,0.0,108.0,0.0,323.0,0.0,0.0,0.0,0.0,37.0,24.0,0.0,6.0,0.0,0.0,0.0,0.0,0.0,0.0,6.0,0.0,0.0,0.0,0.0,0.0,0.0,0.0,0.0,1.0,284.0,0.0,20.0,281.0,0.0,0.0,0.0,14.0,0.0,0.0,0.0,979.0,0.0,10.0,0.0,0.0,0.0,0.0,624.0,0.0,0.0,0.0,0.0,543.0,0.0,0.0,0.0,0.0,7.0,0.0,0.0,177.0,0.0,7531.0,9
1960,0.0,0.0,0.0,0.0,0.0,0.0,96.0,0.0,52.0,9.0,0.0,0.0,0.0,0.0,0.0,64.0,0.0,0.0,0.0,0.0,0.0,0.0,63.0,0.0,0.0,0.0,0.0,0.0,0.0,166.0,0.0,0.0,32.0,0.0,5.0,0.0,0.0,0.0,0.0,0.0,0.0,0.0,0.0,109.0,0.0,16.0,0.0,66.0,0.0,0.0,0.0,0.0,17.0,0.0,0.0,470.0,0.0,0.0,872.0,0.0,254.0,16.0,0.0,0.0,5.0,0.0,0.0,0.0,0.0,174.0,0.0,10.0,0.0,0.0,0.0,320.0,0.0,830.0,0.0,0.0,0.0,0.0,3.0,0.0,0.0,0.0,0.0,0.0,0.0,0.0,0.0,0.0,0.0,0.0,0.0,0.0,0.0,0.0,0.0,0.0,0.0,6.0,0.0,0.0,0.0,0.0,0.0,0.0,0.0,207.0,4.0,2.0,0.0,0.0,0.0,0.0,143.0,0.0,42.0,0.0,0.0,0.0,8.0,68.0,51.0,0.0,13.0,0.0,0.0,0.0,0.0,0.0,0.0,17.0,0.0,0.0,0.0,0.0,0.0,0.0,0.0,0.0,0.0,248.0,0.0,41.0,181.0,0.0,0.0,0.0,20.0,0.0,0.0,0.0,428.0,0.0,28.0,0.0,0.0,0.0,5.0,579.0,0.0,0.0,0.0,0.0,29.0,13.0,0.0,17.0,0.0,86.0,0.0,0.0,171.0,0.0,6055.0,10
1961,0.0,0.0,0.0,0.0,0.0,2.0,178.0,0.0,38.0,0.0,0.0,0.0,0.0,0.0,0.0,107.0,0.0,0.0,0.0,4.0,0.0,0.0,191.0,0.0,0.0,0.0,0.0,0.0,0.0,1571.0,0.0,0.0,43.0,0.0,62.0,0.0,0.0,0.0,0.0,0.0,0.0,0.0,0.0,335.0,0.0,11.0,9.0,0.0,0.0,0.0,0.0,0.0,3.0,0.0,0.0,318.0,0.0,0.0,824.0,0.0,82.0,0.0,0.0,0.0,0.0,0.0,0.0,0.0,102.0,184.0,0.0,107.0,0.0,0.0,15.0,225.0,0.0,328.0,0.0,0.0,0.0,0.0,4.0,0.0,0.0,0.0,0.0,0.0,0.0,0.0,0.0,0.0,0.0,0.0,0.0,1.0,0.0,0.0,0.0,0.0,0.0,26.0,0.0,0.0,0.0,11.0,0.0,0.0,0.0,183.0,0.0,8.0,0.0,0.0,0.0,0.0,101.0,0.0,69.0,0.0,0.0,0.0,0.0,96.0,45.0,0.0,28.0,0.0,0.0,0.0,0.0,0.0,0.0,12.0,0.0,0.0,0.0,0.0,0.0,0.0,0.0,0.0,0.0,254.0,0.0,111.0,80.0,0.0,0.0,0.0,1.0,0.0,0.0,0.0,108.0,0.0,57.0,0.0,0.0,0.0,0.0,312.0,0.0,0.0,0.0,0.0,23.0,0.0,8.0,0.0,0.0,0.0,0.0,0.0,61.0,0.0,6338.0,11
1962,0.0,0.0,0.0,0.0,0.0,0.0,32.0,0.0,198.0,36.0,0.0,0.0,0.0,0.0,0.0,170.0,0.0,0.0,0.0,2.0,0.0,0.0,45.0,0.0,0.0,0.0,0.0,3.0,0.0,1194.0,0.0,0.0,19.0,0.0,3.0,0.0,0.0,0.0,0.0,0.0,0.0,0.0,0.0,45.0,0.0,0.0,5.0,0.0,0.0,0.0,0.0,0.0,16.0,0.0,0.0,136.0,0.0,0.0,1284.0,0.0,330.0,1.0,0.0,0.0,0.0,0.0,14.0,0.0,1.0,15.0,0.0,110.0,0.0,0.0,46.0,478.0,0.0,219.0,0.0,0.0,0.0,0.0,14.0,0.0,13.0,0.0,0.0,0.0,0.0,0.0,0.0,0.0,0.0,0.0,0.0,0.0,0.0,0.0,0.0,0.0,0.0,107.0,0.0,22.0,0.0,14.0,0.0,0.0,0.0,281.0,8.0,6.0,0.0,0.0,0.0,0.0,44.0,0.0,88.0,0.0,0.0,0.0,5.0,14.0,11.0,0.0,1.0,0.0,0.0,0.0,0.0,0.0,0.0,22.0,0.0,0.0,0.0,0.0,0.0,0.0,0.0,0.0,5.0,131.0,0.0,165.0,46.0,0.0,0.0,0.0,13.0,0.0,0.0,0.0,137.0,0.0,111.0,0.0,0.0,0.0,0.0,241.0,0.0,0.0,0.0,0.0,25.0,0.0,8.0,0.0,0.0,32.0,0.0,0.0,0.0,0.0,5964.0,12
1963,0.0,0.0,0.0,2.0,0.0,0.0,4.0,0.0,24.0,180.0,0.0,0.0,0.0,0.0,0.0,547.0,0.0,0.0,0.0,4.0,0.0,0.0,84.0,0.0,0.0,0.0,0.0,8.0,1.0,912.0,0.0,0.0,121.0,0.0,20.0,0.0,0.0,1.0,0.0,0.0,0.0,0.0,0.0,101.0,0.0,7.0,28.0,3.0,0.0,0.0,0.0,0.0,27.0,0.0,0.0,63.0,0.0,0.0,2575.0,1.0,98.0,7.0,0.0,0.0,0.0,0.0,0.0,0.0,94.0,3.0,0.0,137.0,0.0,0.0,4.0,857.0,1.0,204.0,1.0,0.0,0.0,0.0,12.0,0.0,13.0,0.0,0.0,3.0,0.0,0.0,0.0,0.0,0.0,0.0,0.0,0.0,0.0,0.0,0.0,0.0,0.0,60.0,0.0,0.0,0.0,19.0,0.0,0.0,0.0,552.0,0.0,8.0,0.0,0.0,0.0,0.0,221.0,0.0,198.0,0.0,0.0,0.0,0.0,20.0,4.0,0.0,27.0,0.0,0.0,0.0,0.0,0.0,0.0,0.0,0.0,0.0,0.0,0.0,0.0,0.0,0.0,0.0,166.0,203.0,0.0,131.0,4.0,0.0,0.0,0.0,51.0,17.0,0.0,0.0,320.0,0.0,103.0,0.0,0.0,0.0,0.0,542.0,0.0,0.0,0.0,0.0,126.0,0.0,8.0,0.0,0.0,19.0,0.0,0.0,0.0,0.0,8944.0,13
1964,0.0,0.0,0.0,0.0,0.0,0.0,4.0,0.0,45.0,0.0,0.0,0.0,0.0,0.0,0.0,619.0,0.0,0.0,0.0,2.0,0.0,0.0,25.0,0.0,0.0,0.0,0.0,4.0,0.0,675.0,0.0,0.0,21.0,0.0,6.0,0.0,0.0,0.0,0.0,0.0,0.0,0.0,0.0,317.0,0.0,4.0,77.0,3.0,0.0,0.0,0.0,0.0,4.0,0.0,0.0,1163.0,0.0,0.0,2822.0,0.0,527.0,8.0,0.0,0.0,2.0,0.0,0.0,0.0,0.0,2.0,0.0,141.0,0.0,0.0,96.0,1059.0,0.0,1799.0,0.0,0.0,0.0,0.0,7.0,0.0,0.0,0.0,2.0,15.0,0.0,0.0,0.0,0.0,0.0,0.0,0.0,0.0,0.0,0.0,0.0,0.0,0.0,34.0,0.0,15.0,0.0,15.0,0.0,0.0,0.0,810.0,0.0,0.0,0.0,0.0,0.0,0.0,60.0,0.0,81.0,0.0,0.0,0.0,4.0,6.0,2.0,0.0,32.0,0.0,0.0,0.0,0.0,0.0,0.0,0.0,0.0,0.0,0.0,0.0,0.0,0.0,0.0,0.0,5.0,266.0,0.0,80.0,32.0,0.0,0.0,0.0,57.0,78.0,0.0,0.0,347.0,0.0,83.0,0.0,0.0,0.0,0.0,681.0,0.0,0.0,0.0,0.0,87.0,0.0,8.0,2.0,0.0,0.0,0.0,0.0,0.0,0.0,12235.0,14
1965,0.0,0.0,0.0,0.0,0.0,0.0,4.0,0.0,588.0,11.0,0.0,0.0,0.0,0.0,0.0,473.0,0.0,0.0,0.0,1.0,0.0,0.0,147.0,1.0,0.0,0.0,0.0,0.0,0.0,451.0,0.0,0.0,37.0,0.0,18.0,0.0,0.0,0.0,0.0,0.0,0.0,0.0,0.0,282.0,0.0,10.0,25.0,29.0,0.0,1.0,0.0,0.0,12.0,0.0,0.0,241.0,0.0,0.0,2776.0,0.0,486.0,5.0,0.0,0.0,0.0,0.0,1.0,0.0,0.0,1.0,0.0,182.0,0.0,0.0,149.0,668.0,0.0,1209.0,15.0,0.0,0.0,0.0,7.0,0.0,0.0,0.0,0.0,9.0,0.0,0.0,0.0,0.0,0.0,0.0,0.0,0.0,0.0,0.0,0.0,0.0,0.0,0.0,0.0,45.0,0.0,11.0,0.0,0.0,0.0,703.0,1.0,0.0,0.0,0.0,0.0,0.0,55.0,0.0,16.0,0.0,0.0,0.0,1.0,33.0,97.0,0.0,27.0,0.0,0.0,0.0,0.0,0.0,0.0,48.0,0.0,0.0,0.0,0.0,0.0,0.0,0.0,0.0,5.0,623.0,0.0,143.0,344.0,0.0,3.0,0.0,32.0,81.0,0.0,0.0,464.0,0.0,89.0,0.0,0.0,0.0,6.0,369.0,0.0,0.0,0.0,0.0,105.0,0.0,8.0,8.0,0.0,0.0,0.0,0.0,0.0,0.0,11155.0,15
1966,0.0,0.0,0.0,0.0,0.0,0.0,60.0,0.0,383.0,0.0,0.0,0.0,0.0,0.0,0.0,43.0,0.0,0.0,0.0,1.0,0.0,0.0,54.0,0.0,0.0,0.0,0.0,9.0,0.0,273.0,0.0,0.0,56.0,0.0,32.0,0.0,0.0,0.0,0.0,0.0,0.0,0.0,0.0,11.0,0.0,9.0,16.0,9.0,0.0,1.0,0.0,0.0,97.0,0.0,0.0,37.0,0.0,0.0,2546.0,0.0,202.0,0.0,0.0,0.0,0.0,0.0,5.0,0.0,0.0,7.0,0.0,437.0,0.0,0.0,134.0,380.0,0.0,303.0,72.0,0.0,0.0,0.0,14.0,0.0,0.0,0.0,0.0,7.0,0.0,0.0,0.0,0.0,0.0,0.0,0.0,0.0,0.0,0.0,0.0,0.0,0.0,21.0,0.0,135.0,0.0,3.0,0.0,0.0,0.0,166.0,239.0,2.0,0.0,0.0,0.0,0.0,369.0,2.0,6.0,0.0,0.0,0.0,1.0,43.0,86.0,0.0,60.0,0.0,0.0,0.0,0.0,0.0,0.0,141.0,0.0,0.0,0.0,0.0,0.0,0.0,0.0,0.0,15.0,564.0,0.0,182.0,211.0,0.0,4.0,0.0,25.0,81.0,0.0,0.0,321.0,0.0,109.0,0.0,0.0,0.0,0.0,234.0,0.0,0.0,0.0,0.0,161.0,0.0,8.0,6.0,0.0,13.0,0.0,0.0,0.0,0.0,8404.0,16
1967,0.0,0.0,0.0,0.0,0.0,0.0,128.0,0.0,433.0,0.0,0.0,0.0,0.0,0.0,0.0,0.0,0.0,0.0,4.0,14.0,0.0,0.0,218.0,0.0,0.0,0.0,0.0,2.0,0.0,104.0,0.0,0.0,0.0,0.0,15.0,0.0,0.0,0.0,0.0,0.0,0.0,0.0,0.0,14.0,0.0,1.0,16.0,21.0,0.0,0.0,0.0,0.0,25.0,0.0,0.0,39.0,0.0,0.0,889.0,1.0,241.0,1.0,0.0,0.0,0.0,0.0,0.0,0.0,0.0,1.0,0.0,179.0,0.0,0.0,123.0,91.0,0.0,598.0,70.0,0.0,0.0,0.0,11.0,0.0,0.0,0.0,18.0,0.0,0.0,0.0,0.0,0.0,0.0,0.0,0.0,0.0,0.0,0.0,0.0,0.0,0.0,14.0,0.0,87.0,0.0,13.0,0.0,0.0,0.0,87.0,4.0,0.0,0.0,0.0,0.0,0.0,388.0,0.0,0.0,0.0,0.0,0.0,5.0,4.0,41.0,0.0,69.0,0.0,0.0,0.0,0.0,0.0,0.0,171.0,0.0,0.0,0.0,0.0,0.0,0.0,0.0,0.0,1.0,125.0,0.0,253.0,250.0,0.0,0.0,0.0,77.0,31.0,0.0,0.0,473.0,0.0,151.0,0.0,0.0,0.0,0.0,369.0,0.0,0.0,0.0,0.0,1376.0,0.0,8.0,0.0,0.0,4.0,0.0,0.0,0.0,1.0,7256.0,17
1968,0.0,0.0,0.0,0.0,0.0,0.0,92.0,0.0,123.0,0.0,0.0,0.0,0.0,0.0,0.0,0.0,0.0,0.0,0.0,13.0,0.0,0.0,140.0,1.0,0.0,0.0,0.0,0.0,0.0,249.0,0.0,0.0,15.0,0.0,32.0,0.0,0.0,0.0,0.0,0.0,0.0,0.0,0.0,45.0,0.0,0.0,7.0,5.0,0.0,20.0,0.0,0.0,33.0,0.0,0.0,47.0,0.0,0.0,818.0,0.0,69.0,16.0,0.0,0.0,0.0,0.0,0.0,0.0,2.0,1.0,0.0,775.0,0.0,0.0,600.0,181.0,0.0,531.0,28.0,0.0,1.0,0.0,4.0,0.0,0.0,0.0,0.0,40.0,0.0,0.0,0.0,0.0,0.0,0.0,0.0,60.0,0.0,0.0,0.0,0.0,0.0,0.0,0.0,5.0,0.0,6.0,0.0,0.0,0.0,129.0,56.0,0.0,0.0,0.0,0.0,0.0,265.0,0.0,11.0,0.0,0.0,0.0,1.0,3.0,15.0,0.0,69.0,0.0,0.0,0.0,0.0,0.0,0.0,164.0,0.0,0.0,0.0,0.0,0.0,0.0,0.0,0.0,1.0,345.0,0.0,270.0,106.0,0.0,0.0,0.0,95.0,43.0,0.0,0.0,295.0,0.0,56.0,0.0,0.0,0.0,11.0,291.0,0.0,0.0,0.0,0.0,2246.0,0.0,8.0,10.0,0.0,0.0,0.0,0.0,0.0,0.0,8447.0,18
1969,0.0,0.0,0.0,0.0,0.0,0.0,32.0,0.0,347.0,0.0,0.0,0.0,0.0,0.0,0.0,8.0,0.0,0.0,0.0,1.0,0.0,0.0,34.0,0.0,0.0,0.0,0.0,0.0,0.0,485.0,0.0,0.0,8.0,0.0,119.0,0.0,0.0,0.0,0.0,0.0,0.0,0.0,0.0,3.0,0.0,0.0,0.0,1.0,0.0,8.0,0.0,0.0,1.0,0.0,0.0,71.0,3.0,0.0,1039.0,0.0,233.0,1.0,0.0,0.0,2.0,7.0,2.0,0.0,1.0,1.0,0.0,1146.0,0.0,0.0,1210.0,481.0,0.0,498.0,121.0,0.0,0.0,0.0,6.0,0.0,0.0,0.0,0.0,40.0,0.0,0.0,0.0,0.0,0.0,0.0,0.0,0.0,2.0,0.0,0.0,0.0,0.0,0.0,0.0,0.0,0.0,0.0,0.0,0.0,0.0,236.0,0.0,0.0,0.0,0.0,0.0,0.0,518.0,0.0,0.0,0.0,3.0,0.0,0.0,3.0,26.0,0.0,5.0,0.0,0.0,0.0,0.0,0.0,0.0,0.0,0.0,0.0,0.0,0.0,6.0,0.0,0.0,0.0,0.0,494.0,0.0,553.0,148.0,2.0,0.0,0.0,70.0,20.0,0.0,0.0,568.0,0.0,132.0,0.0,0.0,0.0,17.0,540.0,0.0,3.0,0.0,0.0,2483.0,0.0,8.0,12.0,0.0,7.0,0.0,0.0,0.0,0.0,11762.0,19
1970,0.0,0.0,0.0,0.0,0.0,0.0,159.0,0.0,189.0,20.0,0.0,0.0,0.0,0.0,0.0,0.0,0.0,0.0,0.0,2.0,0.0,0.0,73.0,5.0,0.0,0.0,0.0,6.0,0.0,611.0,0.0,0.0,62.0,0.0,3.0,0.0,0.0,0.0,0.0,0.0,0.0,0.0,0.0,28.0,0.0,1.0,0.0,5.0,0.0,9.0,0.0,0.0,66.0,0.0,0.0,94.0,0.0,0.0,1357.0,0.0,100.0,0.0,0.0,0.0,0.0,0.0,0.0,0.0,1.0,20.0,0.0,1078.0,0.0,0.0,770.0,555.0,0.0,637.0,119.0,0.0,0.0,0.0,27.0,0.0,0.0,0.0,0.0,224.0,0.0,0.0,0.0,0.0,0.0,0.0,0.0,0.0,0.0,0.0,0.0,0.0,0.0,82.0,0.0,0.0,0.0,0.0,0.0,0.0,0.0,303.0,168.0,0.0,0.0,0.0,0.0,0.0,59.0,0.0,0.0,0.0,2.0,0.0,0.0,23.0,9.0,0.0,17.0,0.0,0.0,0.0,0.0,0.0,0.0,0.0,0.0,0.0,0.0,0.0,44.0,0.0,0.0,0.0,0.0,76.0,0.0,640.0,206.0,0.0,0.0,0.0,35.0,62.0,0.0,0.0,580.0,1.0,213.0,0.0,0.0,0.0,0.0,239.0,0.0,0.0,0.0,0.0,0.0,0.0,8.0,9.0,0.0,11.0,0.0,0.0,0.0,0.0,9007.0,20
1971,0.0,0.0,0.0,0.0,0.0,0.0,244.0,0.0,239.0,0.0,0.0,0.0,0.0,0.0,0.0,0.0,0.0,0.0,0.0,1.0,0.0,0.0,108.0,10.0,0.0,0.0,0.0,21.0,1.0,455.0,0.0,0.0,42.0,0.0,26.0,0.0,0.0,0.0,0.0,0.0,0.0,0.0,0.0,14.0,0.0,2.0,72.0,2.0,0.0,1.0,0.0,0.0,45.0,0.0,0.0,103.0,0.0,0.0,2181.0,0.0,303.0,45.0,0.0,0.0,0.0,0.0,0.0,0.0,2.0,86.0,0.0,1182.0,0.0,0.0,1287.0,726.0,1.0,774.0,49.0,0.0,0.0,58.0,1.0,0.0,6.0,0.0,0.0,0.0,0.0,0.0,0.0,0.0,0.0,0.0,0.0,61.0,0.0,0.0,0.0,0.0,0.0,44.0,0.0,1.0,0.0,22.0,0.0,0.0,0.0,297.0,8.0,5.0,0.0,4.0,0.0,0.0,0.0,1.0,0.0,0.0,18.0,0.0,1.0,3.0,90.0,0.0,9.0,0.0,0.0,0.0,0.0,0.0,0.0,0.0,0.0,0.0,0.0,0.0,41.0,0.0,0.0,0.0,0.0,240.0,0.0,955.0,409.0,3.0,0.0,0.0,10.0,84.0,0.0,0.0,347.0,2.0,227.0,0.0,0.0,0.0,0.0,501.0,0.0,3.0,0.0,0.0,111.0,0.0,0.0,16.0,0.0,129.0,0.0,0.0,0.0,0.0,11723.0,21
1972,0.0,0.0,0.0,0.0,0.0,0.0,309.0,0.0,17.0,0.0,0.0,0.0,0.0,0.0,0.0,179.0,0.0,0.0,0.0,13.0,0.0,0.0,319.0,0.0,0.0,0.0,0.0,99.0,0.0,309.0,0.0,0.0,43.0,0.0,18.0,0.0,0.0,0.0,0.0,0.0,0.0,0.0,0.0,13.0,0.0,7.0,0.0,0.0,0.0,0.0,0.0,0.0,5.0,0.0,0.0,78.0,0.0,0.0,523.0,7.0,166.0,1.0,0.0,0.0,0.0,0.0,0.0,0.0,2.0,5.0,0.0,646.0,0.0,0.0,849.0,1347.0,0.0,665.0,55.0,0.0,0.0,0.0,14.0,0.0,6.0,0.0,1.0,0.0,0.0,0.0,0.0,0.0,0.0,0.0,0.0,10.0,0.0,0.0,0.0,0.0,0.0,9.0,0.0,0.0,0.0,4.0,0.0,0.0,0.0,316.0,6.0,5.0,0.0,0.0,0.0,0.0,0.0,0.0,0.0,0.0,2.0,0.0,1.0,19.0,52.0,0.0,0.0,0.0,0.0,0.0,0.0,0.0,0.0,80.0,0.0,0.0,0.0,0.0,8.0,0.0,0.0,0.0,20.0,368.0,0.0,2132.0,565.0,2.0,0.0,0.0,70.0,59.0,0.0,0.0,245.0,1.0,199.0,0.0,0.0,0.0,4.0,608.0,1.0,17.0,0.0,0.0,155.0,0.0,0.0,24.0,0.0,111.0,0.0,0.0,0.0,0.0,10787.0,22
1973,0.0,0.0,0.0,0.0,0.0,0.0,133.0,0.0,620.0,16.0,0.0,0.0,0.0,0.0,0.0,188.0,0.0,0.0,0.0,10.0,0.0,0.0,373.0,0.0,0.0,0.0,0.0,122.0,0.0,56.0,0.0,0.0,66.0,0.0,55.0,0.0,0.0,2.0,0.0,0.0,0.0,0.0,0.0,0.0,0.0,0.0,0.0,5.0,0.0,0.0,0.0,0.0,5.0,0.0,0.0,85.0,0.0,0.0,1240.0,0.0,191.0,1.0,0.0,0.0,3.0,0.0,2.0,0.0,1.0,46.0,0.0,1359.0,0.0,0.0,1899.0,763.0,13.0,633.0,35.0,0.0,2.0,0.0,43.0,0.0,0.0,0.0,0.0,0.0,0.0,0.0,0.0,0.0,0.0,0.0,0.0,10.0,0.0,0.0,0.0,0.0,0.0,151.0,0.0,0.0,0.0,0.0,0.0,0.0,0.0,21.0,6.0,5.0,0.0,2.0,0.0,0.0,14.0,0.0,31.0,0.0,14.0,0.0,0.0,46.0,110.0,0.0,0.0,0.0,0.0,0.0,0.0,0.0,0.0,157.0,0.0,0.0,0.0,1.0,38.0,0.0,0.0,0.0,20.0,253.0,0.0,623.0,769.0,0.0,0.0,0.0,75.0,34.0,0.0,0.0,329.0,1.0,233.0,0.0,0.0,0.0,22.0,722.0,5.0,0.0,0.0,0.0,162.0,0.0,0.0,6.0,0.0,203.0,0.0,0.0,0.0,0.0,12025.0,23
1974,0.0,0.0,0.0,0.0,0.0,0.0,68.0,0.0,797.0,16.0,0.0,0.0,1.0,0.0,0.0,20.0,0.0,0.0,0.0,2.0,0.0,0.0,142.0,14.0,0.0,0.0,0.0,23.0,0.0,196.0,0.0,0.0,118.0,0.0,0.0,0.0,0.0,0.0,0.0,0.0,0.0,0.0,0.0,39.0,0.0,0.0,0.0,2.0,0.0,10.0,0.0,0.0,16.0,0.0,3.0,20.0,0.0,0.0,1600.0,0.0,418.0,10.0,0.0,0.0,4.0,0.0,0.0,0.0,1.0,71.0,0.0,2189.0,0.0,0.0,1075.0,786.0,7.0,982.0,54.0,0.0,0.0,2.0,1.0,0.0,0.0,0.0,0.0,0.0,0.0,0.0,0.0,1.0,0.0,0.0,0.0,18.0,0.0,0.0,0.0,0.0,0.0,13.0,0.0,107.0,0.0,0.0,0.0,0.0,0.0,40.0,6.0,0.0,0.0,1.0,0.0,0.0,1.0,0.0,95.0,0.0,0.0,0.0,0.0,47.0,12.0,0.0,6.0,0.0,0.0,0.0,0.0,0.0,0.0,375.0,0.0,0.0,0.0,0.0,128.0,0.0,0.0,0.0,0.0,446.0,0.0,346.0,471.0,0.0,0.0,0.0,75.0,9.0,0.0,0.0,366.0,1.0,88.0,0.0,0.0,0.0,8.0,724.0,7.0,0.0,0.0,0.0,162.0,0.0,0.0,5.0,0.0,8.0,0.0,0.0,0.0,0.0,12251.0,24
1975,0.0,0.0,0.0,0.0,0.0,0.0,135.0,0.0,43.0,6.0,0.0,0.0,0.0,0.0,0.0,0.0,0.0,0.0,0.0,18.0,0.0,0.0,442.0,0.0,0.0,0.0,0.0,0.0,0.0,223.0,0.0,0.0,183.0,0.0,0.0,0.0,0.0,3.0,0.0,0.0,0.0,0.0,0.0,89.0,0.0,2.0,89.0,5.0,0.0,14.0,0.0,0.0,51.0,8.0,6.0,13.0,35.0,0.0,1502.0,0.0,681.0,28.0,0.0,0.0,1.0,0.0,31.0,0.0,1.0,0.0,0.0,4067.0,0.0,0.0,1403.0,735.0,4.0,1653.0,319.0,0.0,0.0,4.0,1.0,0.0,1.0,0.0,0.0,3.0,0.0,0.0,0.0,0.0,0.0,0.0,0.0,85.0,0.0,0.0,0.0,0.0,0.0,25.0,0.0,92.0,0.0,53.0,0.0,0.0,0.0,67.0,6.0,0.0,0.0,84.0,0.0,0.0,49.0,34.0,51.0,0.0,23.0,0.0,0.0,213.0,105.0,0.0,6.0,0.0,0.0,0.0,0.0,0.0,0.0,379.0,0.0,0.0,0.0,0.0,156.0,0.0,0.0,0.0,0.0,631.0,0.0,0.0,617.0,0.0,0.0,0.0,103.0,66.0,0.0,0.0,340.0,0.0,32.0,0.0,0.0,0.0,0.0,843.0,56.0,0.0,0.0,0.0,161.0,0.0,0.0,0.0,0.0,78.0,0.0,0.0,3.0,0.0,16157.0,25
1976,0.0,0.0,0.0,0.0,0.0,0.0,155.0,0.0,28.0,2.0,0.0,0.0,0.0,0.0,0.0,40.0,0.0,0.0,0.0,16.0,0.0,0.0,184.0,0.0,0.0,0.0,0.0,0.0,0.0,13.0,0.0,0.0,207.0,0.0,10.0,0.0,0.0,0.0,0.0,0.0,0.0,0.0,0.0,41.0,0.0,12.0,2.0,60.0,56.0,10.0,0.0,0.0,108.0,4.0,0.0,230.0,29.0,0.0,1301.0,0.0,971.0,7.0,0.0,13.0,1.0,0.0,6.0,0.0,1.0,82.0,0.0,3999.0,0.0,0.0,1930.0,434.0,1.0,1632.0,321.0,0.0,0.0,16.0,0.0,0.0,1.0,0.0,2.0,0.0,0.0,0.0,0.0,0.0,0.0,0.0,0.0,271.0,0.0,0.0,0.0,0.0,0.0,8.0,0.0,100.0,0.0,3.0,0.0,0.0,0.0,217.0,3.0,7.0,0.0,84.0,0.0,0.0,23.0,0.0,24.0,0.0,6.0,0.0,2.0,188.0,237.0,0.0,0.0,0.0,0.0,0.0,0.0,0.0,0.0,387.0,0.0,0.0,0.0,0.0,186.0,0.0,0.0,0.0,14.0,549.0,0.0,0.0,484.0,0.0,0.0,0.0,75.0,66.0,0.0,0.0,480.0,0.0,31.0,0.0,0.0,0.0,10.0,231.0,0.0,0.0,0.0,0.0,75.0,0.0,0.0,40.0,0.0,7.0,0.0,0.0,3.0,0.0,15738.0,26
1977,0.0,0.0,0.0,0.0,0.0,0.0,98.0,0.0,122.0,0.0,0.0,0.0,0.0,22.0,0.0,37.0,0.0,0.0,0.0,1.0,0.0,0.0,9.0,0.0,0.0,0.0,0.0,0.0,56.0,13.0,0.0,0.0,0.0,0.0,8.0,0.0,0.0,0.0,0.0,0.0,0.0,0.0,0.0,42.0,0.0,0.0,31.0,91.0,112.0,8.0,0.0,0.0,22.0,0.0,0.0,239.0,28.0,0.0,969.0,0.0,440.0,0.0,0.0,0.0,0.0,0.0,11.0,0.0,0.0,50.0,0.0,4452.0,0.0,3.0,1099.0,241.0,0.0,909.0,461.0,0.0,0.0,321.0,0.0,0.0,0.0,0.0,0.0,0.0,0.0,0.0,0.0,0.0,0.0,0.0,0.0,48.0,0.0,0.0,0.0,0.0,0.0,23.0,0.0,253.0,0.0,7.0,0.0,0.0,0.0,444.0,0.0,0.0,0.0,0.0,0.0,0.0,25.0,0.0,24.0,0.0,4.0,0.0,0.0,44.0,137.0,0.0,94.0,0.0,0.0,0.0,0.0,0.0,0.0,762.0,0.0,0.0,0.0,0.0,116.0,0.0,0.0,0.0,0.0,1176.0,0.0,0.0,56.0,0.0,0.0,0.0,100.0,0.0,0.0,0.0,802.0,0.0,46.0,0.0,0.0,0.0,0.0,196.0,13.0,0.0,0.0,0.0,124.0,0.0,0.0,2.0,0.0,44.0,0.0,0.0,0.0,0.0,14431.0,27
1978,0.0,0.0,0.0,22.0,0.0,0.0,147.0,0.0,779.0,8.0,0.0,0.0,0.0,0.0,0.0,33.0,0.0,0.0,0.0,4.0,0.0,0.0,101.0,0.0,0.0,0.0,0.0,0.0,0.0,13.0,0.0,0.0,13.0,0.0,12.0,0.0,0.0,6.0,0.0,0.0,0.0,0.0,0.0,142.0,0.0,0.0,0.0,22.0,9.0,1.0,0.0,0.0,0.0,0.0,0.0,230.0,2.0,0.0,622.0,0.0,504.0,0.0,0.0,0.0,9.0,0.0,0.0,0.0,0.0,85.0,0.0,2101.0,0.0,3.0,1325.0,415.0,4.0,1020.0,590.0,0.0,148.0,327.0,0.0,0.0,0.0,0.0,1.0,0.0,0.0,0.0,0.0,0.0,0.0,0.0,0.0,65.0,0.0,0.0,0.0,0.0,0.0,51.0,0.0,162.0,0.0,14.0,0.0,0.0,0.0,548.0,0.0,13.0,0.0,8.0,0.0,14.0,17.0,0.0,200.0,0.0,2.0,0.0,1.0,43.0,145.0,0.0,119.0,0.0,0.0,0.0,0.0,0.0,0.0,836.0,0.0,0.0,0.0,0.0,50.0,0.0,0.0,0.0,0.0,364.0,0.0,0.0,243.0,0.0,168.0,0.0,105.0,209.0,0.0,0.0,784.0,0.0,279.0,0.0,0.0,0.0,10.0,739.0,0.0,0.0,0.0,0.0,133.0,0.0,0.0,0.0,0.0,55.0,0.0,0.0,0.0,0.0,14068.0,28
1979,0.0,0.0,0.0,0.0,0.0,0.0,94.0,0.0,141.0,23.0,0.0,0.0,0.0,0.0,0.0,476.0,0.0,0.0,0.0,1.0,0.0,0.0,10.0,0.0,0.0,0.0,0.0,0.0,0.0,35.0,0.0,0.0,5.0,0.0,36.0,0.0,0.0,0.0,5.0,0.0,0.0,0.0,0.0,57.0,0.0,0.0,0.0,11.0,339.0,1.0,0.0,0.0,0.0,0.0,0.0,0.0,0.0,0.0,28.0,1.0,314.0,0.0,0.0,0.0,0.0,0.0,9.0,0.0,0.0,56.0,0.0,214.0,0.0,0.0,639.0,452.0,0.0,944.0,276.0,0.0,3.0,7.0,0.0,0.0,0.0,0.0,0.0,0.0,0.0,0.0,0.0,0.0,0.0,0.0,0.0,62.0,0.0,0.0,0.0,0.0,0.0,0.0,0.0,97.0,0.0,0.0,0.0,0.0,0.0,543.0,0.0,0.0,56.0,0.0,0.0,415.0,32.0,0.0,46.0,0.0,0.0,0.0,0.0,39.0,46.0,0.0,2.0,0.0,0.0,0.0,0.0,0.0,0.0,501.0,0.0,0.0,0.0,0.0,292.0,0.0,0.0,0.0,0.0,1339.0,0.0,0.0,241.0,0.0,0.0,0.0,86.0,209.0,0.0,0.0,546.0,0.0,46.0,0.0,0.0,0.0,44.0,749.0,0.0,0.0,0.0,0.0,142.0,0.0,0.0,2.0,0.0,8.0,0.0,0.0,0.0,0.0,9719.0,29
1980,0.0,0.0,0.0,0.0,0.0,0.0,75.0,0.0,341.0,23.0,0.0,0.0,0.0,0.0,0.0,286.0,0.0,0.0,0.0,1.0,0.0,0.0,11.0,0.0,0.0,0.0,0.0,0.0,0.0,383.0,0.0,0.0,11.0,0.0,4.0,0.0,0.0,1.0,0.0,0.0,0.0,0.0,0.0,399.0,0.0,9.0,0.0,133.0,414.0,6.0,0.0,0.0,0.0,0.0,0.0,0.0,0.0,0.0,104.0,1.0,245.0,1.0,0.0,0.0,0.0,0.0,13.0,0.0,0.0,315.0,0.0,0.0,0.0,3.0,1208.0,322.0,0.0,1015.0,357.0,0.0,25.0,19.0,0.0,0.0,3.0,0.0,0.0,0.0,0.0,0.0,0.0,0.0,0.0,0.0,0.0,84.0,0.0,0.0,0.0,0.0,0.0,0.0,0.0,71.0,0.0,17.0,0.0,0.0,0.0,510.0,0.0,0.0,0.0,3.0,0.0,0.0,237.0,0.0,194.0,0.0,0.0,0.0,0.0,58.0,63.0,0.0,12.0,0.0,0.0,0.0,0.0,0.0,0.0,640.0,0.0,0.0,0.0,0.0,337.0,0.0,0.0,0.0,0.0,884.0,0.0,0.0,167.0,0.0,0.0,0.0,78.0,264.0,0.0,0.0,478.0,0.0,206.0,0.0,0.0,1.0,23.0,185.0,0.0,0.0,0.0,0.0,430.0,0.0,28.0,10.0,0.0,21.0,0.0,0.0,0.0,0.0,10730.0,30
1981,0.0,0.0,0.0,114.0,0.0,0.0,36.0,0.0,315.0,0.0,0.0,0.0,0.0,17.0,0.0,503.0,0.0,0.0,0.0,5.0,0.0,0.0,12.0,1.0,0.0,0.0,0.0,0.0,0.0,395.0,0.0,0.0,2.0,0.0,28.0,0.0,0.0,0.0,0.0,0.0,0.0,0.0,0.0,433.0,0.0,5.0,0.0,6.0,890.0,5.0,0.0,0.0,0.0,0.0,0.0,0.0,32.0,0.0,190.0,0.0,207.0,38.0,0.0,0.0,0.0,0.0,13.0,0.0,0.0,87.0,0.0,0.0,0.0,0.0,1645.0,101.0,0.0,1287.0,150.0,0.0,60.0,0.0,0.0,0.0,2.0,0.0,0.0,0.0,0.0,0.0,0.0,0.0,0.0,0.0,0.0,56.0,0.0,0.0,0.0,15.0,0.0,70.0,0.0,422.0,0.0,0.0,0.0,0.0,0.0,662.0,31.0,0.0,0.0,13.0,0.0,0.0,377.0,39.0,36.0,0.0,0.0,0.0,2.0,23.0,10.0,0.0,44.0,0.0,0.0,0.0,0.0,0.0,0.0,1310.0,0.0,0.0,0.0,0.0,93.0,0.0,0.0,3.0,0.0,859.0,0.0,0.0,230.0,0.0,38.0,0.0,207.0,285.0,0.0,0.0,681.0,2.0,264.0,0.0,0.0,6.0,14.0,231.0,101.0,0.0,0.0,0.0,758.0,0.0,83.0,11.0,0.0,59.0,0.0,0.0,0.0,0.0,13611.0,31
1982,0.0,0.0,0.0,84.0,0.0,0.0,4.0,0.0,63.0,0.0,0.0,0.0,10.0,9.0,0.0,422.0,0.0,0.0,0.0,1.0,0.0,0.0,2.0,12.0,0.0,0.0,0.0,0.0,29.0,220.0,0.0,0.0,23.0,0.0,18.0,0.0,0.0,0.0,0.0,0.0,0.0,0.0,0.0,441.0,0.0,30.0,0.0,5.0,1369.0,32.0,0.0,0.0,0.0,0.0,16.0,0.0,5.0,0.0,257.0,0.0,41.0,16.0,0.0,0.0,1.0,0.0,29.0,0.0,0.0,187.0,0.0,0.0,0.0,0.0,864.0,172.0,0.0,1392.0,224.0,0.0,24.0,0.0,0.0,0.0,16.0,0.0,0.0,0.0,0.0,0.0,0.0,1.0,0.0,0.0,0.0,0.0,0.0,0.0,0.0,0.0,0.0,244.0,0.0,111.0,0.0,3.0,0.0,1250.0,0.0,893.0,0.0,0.0,0.0,6.0,0.0,0.0,388.0,41.0,93.0,0.0,5.0,1.0,0.0,0.0,3.0,0.0,136.0,0.0,0.0,0.0,0.0,0.0,0.0,1871.0,0.0,0.0,0.0,0.0,92.0,0.0,0.0,28.0,0.0,649.0,0.0,0.0,176.0,0.0,72.0,0.0,45.0,125.0,0.0,0.0,690.0,0.0,37.0,0.0,0.0,0.0,20.0,141.0,0.0,14.0,0.0,0.0,703.0,0.0,83.0,9.0,0.0,69.0,0.0,0.0,0.0,0.0,14015.0,32
1983,0.0,0.0,0.0,200.0,0.0,0.0,28.0,0.0,489.0,105.0,0.0,0.0,10.0,0.0,0.0,583.0,0.0,0.0,0.0,0.0,0.0,0.0,2.0,26.0,0.0,0.0,0.0,0.0,1.0,646.0,0.0,10.0,3.0,0.0,49.0,0.0,7.0,0.0,0.0,0.0,0.0,0.0,0.0,218.0,0.0,0.0,0.0,15.0,985.0,11.0,0.0,0.0,0.0,0.0,1.0,4.0,0.0,0.0,250.0,0.0,99.0,0.0,0.0,0.0,0.0,0.0,12.0,0.0,0.0,122.0,0.0,0.0,27.0,0.0,484.0,234.0,0.0,1618.0,101.0,0.0,0.0,141.0,0.0,0.0,59.0,0.0,0.0,0.0,0.0,0.0,0.0,0.0,0.0,0.0,0.0,21.0,0.0,0.0,0.0,0.0,0.0,3.0,0.0,144.0,0.0,0.0,0.0,1250.0,0.0,978.0,5.0,0.0,0.0,4.0,31.0,0.0,383.0,59.0,254.0,0.0,6.0,0.0,0.0,67.0,111.0,0.0,0.0,0.0,0.0,0.0,0.0,0.0,0.0,1630.0,0.0,0.0,2.0,0.0,172.0,0.0,0.0,9.0,0.0,436.0,0.0,0.0,92.0,0.0,3.0,0.0,122.0,242.0,0.0,0.0,619.0,0.0,88.0,0.0,0.0,0.0,76.0,74.0,29.0,0.0,0.0,0.0,243.0,0.0,83.0,0.0,0.0,137.0,0.0,0.0,30.0,0.0,13939.0,33
1984,0.0,0.0,0.0,170.0,0.0,0.0,10.0,0.0,556.0,0.0,0.0,0.0,10.0,0.0,1.0,575.0,0.0,0.0,0.0,0.0,0.0,0.0,2.0,0.0,0.0,0.0,0.0,0.0,17.0,646.0,0.0,9.0,12.0,59.0,102.0,0.0,1.0,0.0,0.0,0.0,0.0,0.0,0.0,59.0,0.0,25.0,0.0,39.0,386.0,60.0,0.0,0.0,0.0,0.0,2.0,0.0,0.0,0.0,260.0,0.0,86.0,7.0,0.0,0.0,0.0,0.0,17.0,0.0,0.0,24.0,0.0,10.0,0.0,0.0,278.0,204.0,0.0,1932.0,233.0,0.0,0.0,64.0,0.0,0.0,67.0,0.0,0.0,0.0,0.0,0.0,0.0,0.0,0.0,0.0,0.0,4.0,0.0,0.0,0.0,0.0,0.0,0.0,0.0,0.0,1.0,0.0,0.0,1250.0,0.0,848.0,5.0,0.0,0.0,13.0,31.0,0.0,204.0,10.0,479.0,0.0,0.0,1.0,0.0,34.0,39.0,0.0,103.0,0.0,0.0,0.0,0.0,0.0,0.0,588.0,0.0,0.0,0.0,0.0,72.0,0.0,0.0,9.0,0.0,479.0,0.0,0.0,73.0,9.0,34.0,0.0,33.0,213.0,0.0,0.0,323.0,0.0,108.0,0.0,0.0,0.0,108.0,93.0,61.0,0.0,0.0,0.0,588.0,0.0,83.0,0.0,0.0,28.0,0.0,0.0,46.0,0.0,11887.0,34
1985,0.0,0.0,0.0,15.0,0.0,0.0,10.0,0.0,508.0,18.0,0.0,0.0,45.0,0.0,0.0,287.0,0.0,0.0,0.0,6.0,0.0,0.0,23.0,0.0,0.0,0.0,0.0,0.0,0.0,848.0,0.0,0.0,4.0,98.0,7.0,0.0,0.0,2.0,0.0,0.0,0.0,0.0,0.0,77.0,0.0,0.0,0.0,8.0,457.0,44.0,0.0,0.0,0.0,0.0,0.0,0.0,0.0,0.0,109.0,0.0,56.0,0.0,0.0,0.0,0.0,0.0,9.0,0.0,0.0,11.0,0.0,4.0,9.0,0.0,300.0,128.0,5.0,1847.0,177.0,0.0,6.0,76.0,0.0,0.0,43.0,0.0,0.0,0.0,0.0,0.0,0.0,0.0,0.0,0.0,0.0,128.0,0.0,0.0,0.0,0.0,0.0,0.0,0.0,0.0,1.0,0.0,0.0,750.0,0.0,556.0,7.0,0.0,0.0,102.0,0.0,0.0,33.0,0.0,549.0,0.0,7.0,0.0,0.0,59.0,23.0,0.0,141.0,0.0,0.0,0.0,0.0,6.0,0.0,350.0,0.0,0.0,0.0,0.0,63.0,0.0,0.0,42.0,0.0,646.0,0.0,0.0,114.0,39.0,0.0,0.0,37.0,150.0,0.0,0.0,538.0,0.0,109.0,0.0,0.0,0.0,84.0,274.0,5.0,0.0,0.0,0.0,272.0,0.0,83.0,0.0,0.0,395.0,0.0,0.0,0.0,0.0,10801.0,35
1986,0.0,0.0,0.0,0.0,0.0,0.0,0.0,0.0,664.0,18.0,0.0,0.0,47.0,0.0,0.0,91.0,0.0,0.0,0.0,6.0,0.0,0.0,34.0,13.0,0.0,0.0,0.0,0.0,0.0,810.0,0.0,14.0,6.0,0.0,6.0,0.0,5.0,1.0,0.0,0.0,0.0,0.0,0.0,0.0,0.0,0.0,0.0,0.0,1043.0,5.0,0.0,0.0,0.0,0.0,0.0,0.0,0.0,0.0,294.0,0.0,87.0,2.0,0.0,0.0,0.0,0.0,66.0,0.0,4.0,22.0,0.0,50.0,9.0,11.0,1178.0,137.0,3.0,1764.0,0.0,0.0,0.0,31.0,0.0,0.0,0.0,0.0,2.0,0.0,0.0,0.0,0.0,0.0,0.0,0.0,0.0,93.0,0.0,0.0,0.0,0.0,0.0,12.0,0.0,18.0,16.0,0.0,0.0,0.0,0.0,427.0,22.0,0.0,0.0,5.0,0.0,0.0,19.0,27.0,134.0,0.0,0.0,0.0,0.0,11.0,0.0,0.0,3.0,0.0,0.0,0.0,0.0,0.0,0.0,1437.0,0.0,0.0,0.0,0.0,0.0,0.0,0.0,15.0,11.0,749.0,0.0,0.0,873.0,20.0,0.0,0.0,85.0,0.0,0.0,0.0,658.0,0.0,107.0,1.0,0.0,0.0,0.0,144.0,99.0,0.0,0.0,12.0,163.0,0.0,83.0,0.0,0.0,15.0,0.0,0.0,0.0,0.0,11683.0,36
1987,0.0,0.0,0.0,0.0,0.0,0.0,8.0,0.0,565.0,7.0,0.0,0.0,160.0,0.0,0.0,91.0,0.0,0.0,0.0,0.0,0.0,10.0,100.0,0.0,0.0,0.0,0.0,0.0,0.0,765.0,0.0,3.0,7.0,0.0,3.0,0.0,14.0,0.0,0.0,0.0,0.0,0.0,0.0,83.0,0.0,0.0,18.0,18.0,1145.0,0.0,0.0,0.0,0.0,0.0,0.0,84.0,0.0,0.0,321.0,2.0,31.0,0.0,0.0,0.0,0.0,0.0,13.0,0.0,1.0,0.0,0.0,0.0,30.0,0.0,1080.0,126.0,0.0,1854.0,11.0,0.0,0.0,6.0,0.0,0.0,0.0,0.0,0.0,0.0,0.0,0.0,0.0,0.0,0.0,0.0,0.0,0.0,0.0,0.0,0.0,0.0,0.0,116.0,0.0,2.0,40.0,0.0,0.0,0.0,0.0,595.0,0.0,0.0,0.0,1.0,0.0,0.0,140.0,0.0,97.0,0.0,0.0,0.0,0.0,39.0,26.0,0.0,9.0,0.0,0.0,0.0,0.0,0.0,4.0,1009.0,0.0,0.0,0.0,0.0,207.0,0.0,0.0,0.0,2.0,721.0,0.0,0.0,984.0,15.0,2.0,0.0,102.0,11.0,0.0,0.0,111.0,0.0,217.0,0.0,0.0,0.0,56.0,827.0,158.0,0.0,0.0,13.0,121.0,0.0,83.0,0.0,0.0,0.0,0.0,0.0,0.0,0.0,12258.0,37
1988,0.0,0.0,0.0,0.0,5.0,0.0,4.0,0.0,698.0,20.0,0.0,0.0,46.0,11.0,0.0,407.0,0.0,0.0,0.0,56.0,0.0,17.0,46.0,0.0,0.0,0.0,0.0,0.0,0.0,656.0,0.0,9.0,9.0,16.0,35.0,0.0,0.0,0.0,0.0,0.0,0.0,0.0,0.0,88.0,0.0,2.0,0.0,17.0,306.0,0.0,0.0,0.0,0.0,0.0,0.0,117.0,0.0,0.0,383.0,0.0,110.0,0.0,0.0,0.0,0.0,0.0,44.0,0.0,38.0,60.0,0.0,0.0,125.0,0.0,582.0,128.0,0.0,1880.0,5.0,0.0,0.0,0.0,0.0,0.0,0.0,0.0,0.0,0.0,0.0,0.0,0.0,0.0,0.0,0.0,0.0,0.0,0.0,0.0,2.0,0.0,0.0,77.0,0.0,36.0,8.0,0.0,0.0,0.0,0.0,361.0,2.0,0.0,0.0,1.0,0.0,0.0,155.0,0.0,79.0,0.0,2.0,0.0,0.0,109.0,12.0,0.0,90.0,0.0,0.0,0.0,0.0,0.0,0.0,152.0,0.0,0.0,0.0,0.0,524.0,0.0,0.0,0.0,0.0,1132.0,0.0,0.0,1715.0,0.0,2.0,0.0,49.0,36.0,0.0,0.0,193.0,0.0,361.0,0.0,0.0,0.0,17.0,522.0,22.0,0.0,0.0,0.0,142.0,0.0,83.0,16.0,0.0,66.0,0.0,0.0,0.0,0.0,11884.0,38
1989,0.0,0.0,0.0,0.0,0.0,0.0,4.0,0.0,629.0,13.0,0.0,0.0,14.0,0.0,0.0,203.0,0.0,0.0,0.0,61.0,0.0,4.0,336.0,0.0,0.0,0.0,0.0,0.0,3.0,12.0,0.0,57.0,13.0,0.0,109.0,0.0,0.0,2.0,0.0,0.0,0.0,0.0,0.0,84.0,0.0,0.0,0.0,4.0,205.0,0.0,0.0,0.0,0.0,0.0,0.0,87.0,0.0,0.0,642.0,0.0,762.0,0.0,0.0,0.0,0.0,0.0,17.0,0.0,2.0,64.0,0.0,0.0,0.0,0.0,24.0,75.0,4.0,2152.0,8.0,0.0,0.0,0.0,0.0,0.0,0.0,0.0,0.0,0.0,0.0,0.0,0.0,0.0,0.0,0.0,0.0,0.0,0.0,0.0,0.0,0.0,0.0,54.0,2.0,56.0,0.0,0.0,0.0,0.0,1.0,667.0,15.0,0.0,0.0,0.0,0.0,0.0,382.0,0.0,608.0,0.0,0.0,0.0,0.0,0.0,0.0,0.0,126.0,0.0,0.0,0.0,0.0,0.0,0.0,172.0,0.0,0.0,0.0,0.0,236.0,0.0,0.0,0.0,0.0,1602.0,0.0,0.0,575.0,0.0,0.0,0.0,51.0,19.0,0.0,0.0,196.0,1.0,181.0,0.0,0.0,0.0,48.0,617.0,6.0,0.0,0.0,1.0,95.0,0.0,39.0,5.0,0.0,1.0,0.0,0.0,0.0,0.0,11344.0,39
1990,0.0,0.0,0.0,29.0,0.0,0.0,14.0,0.0,299.0,0.0,0.0,2.0,362.0,0.0,0.0,313.0,0.0,0.0,0.0,0.0,0.0,10.0,39.0,0.0,0.0,0.0,0.0,0.0,3.0,20.0,0.0,0.0,8.0,0.0,7.0,0.0,0.0,0.0,0.0,0.0,0.0,8.0,0.0,3.0,0.0,0.0,0.0,3.0,430.0,0.0,0.0,0.0,0.0,0.0,0.0,26.0,2.0,0.0,678.0,0.0,766.0,0.0,0.0,0.0,0.0,0.0,0.0,0.0,4.0,188.0,0.0,0.0,0.0,0.0,81.0,94.0,0.0,2558.0,16.0,0.0,4.0,5.0,0.0,0.0,0.0,0.0,0.0,0.0,0.0,0.0,0.0,0.0,0.0,0.0,9.0,0.0,0.0,0.0,0.0,0.0,0.0,26.0,2.0,34.0,0.0,0.0,0.0,0.0,0.0,269.0,12.0,0.0,0.0,0.0,0.0,0.0,45.0,36.0,55.0,2.0,0.0,0.0,0.0,0.0,11.0,0.0,21.0,0.0,0.0,0.0,0.0,0.0,0.0,1049.0,0.0,0.0,0.0,0.0,188.0,0.0,0.0,0.0,0.0,986.0,0.0,0.0,573.0,15.0,0.0,0.0,42.0,13.0,0.0,0.0,226.0,0.0,208.0,0.0,0.0,0.0,0.0,856.0,6.0,0.0,0.0,0.0,75.0,0.0,0.0,5.0,0.0,1.0,0.0,0.0,0.0,0.0,10732.0,40
1991,0.0,0.0,0.0,0.0,0.0,0.0,0.0,0.0,94.0,0.0,0.0,3.0,68.0,18.0,0.0,115.0,0.0,0.0,0.0,11.0,0.0,0.0,12.0,0.0,0.0,0.0,0.0,0.0,0.0,425.0,0.0,0.0,12.0,0.0,52.0,0.0,0.0,0.0,0.0,0.0,0.0,0.0,0.0,15.0,1.0,0.0,0.0,21.0,841.0,21.0,0.0,0.0,0.0,0.0,0.0,817.0,0.0,0.0,648.0,0.0,349.0,0.0,0.0,0.0,0.0,0.0,0.0,0.0,6.0,2.0,0.0,0.0,0.0,0.0,1212.0,141.0,0.0,2854.0,0.0,0.0,4.0,41.0,0.0,0.0,0.0,0.0,0.0,0.0,0.0,0.0,0.0,0.0,0.0,0.0,0.0,29.0,0.0,0.0,0.0,0.0,0.0,18.0,0.0,43.0,0.0,0.0,0.0,0.0,0.0,283.0,6.0,0.0,0.0,0.0,0.0,0.0,15.0,0.0,28.0,0.0,0.0,2.0,0.0,15.0,13.0,1.0,179.0,0.0,0.0,0.0,0.0,0.0,0.0,397.0,0.0,0.0,0.0,0.0,40.0,0.0,0.0,0.0,0.0,784.0,0.0,0.0,79.0,0.0,0.0,0.0,31.0,141.0,0.0,0.0,511.0,0.0,282.0,0.0,0.0,0.0,0.0,917.0,0.0,0.0,0.0,0.0,831.0,0.0,11.0,7.0,0.0,71.0,0.0,0.0,0.0,0.0,12515.0,41
1992,0.0,0.0,0.0,0.0,0.0,0.0,27.0,0.0,328.0,0.0,0.0,0.0,42.0,25.0,0.0,14.0,0.0,0.0,0.0,9.0,0.0,0.0,7.0,0.0,0.0,0.0,0.0,0.0,0.0,121.0,0.0,0.0,69.0,0.0,15.0,0.0,0.0,0.0,0.0,0.0,0.0,0.0,0.0,22.0,0.0,0.0,0.0,0.0,929.0,4.0,0.0,0.0,0.0,0.0,36.0,314.0,0.0,0.0,650.0,0.0,1400.0,0.0,0.0,0.0,0.0,0.0,0.0,0.0,20.0,0.0,0.0,0.0,0.0,0.0,1313.0,126.0,0.0,2450.0,0.0,0.0,0.0,896.0,0.0,0.0,0.0,0.0,0.0,0.0,0.0,0.0,0.0,0.0,0.0,0.0,0.0,0.0,0.0,0.0,0.0,0.0,0.0,6.0,0.0,0.0,0.0,0.0,0.0,0.0,0.0,201.0,9.0,0.0,0.0,4.0,0.0,0.0,15.0,0.0,25.0,0.0,2.0,2.0,0.0,12.0,42.0,0.0,5.0,0.0,0.0,0.0,0.0,0.0,0.0,888.0,0.0,0.0,0.0,0.0,9.0,0.0,10.0,0.0,0.0,682.0,0.0,0.0,158.0,0.0,0.0,0.0,15.0,20.0,0.0,0.0,399.0,0.0,32.0,0.0,0.0,0.0,8.0,1680.0,0.0,0.0,0.0,0.0,1084.0,0.0,11.0,0.0,0.0,0.0,0.0,0.0,0.0,0.0,14132.0,42
1993,0.0,0.0,0.0,0.0,0.0,0.0,14.0,0.0,449.0,0.0,0.0,0.0,1.0,0.0,0.0,12.0,0.0,0.0,0.0,13.0,0.0,1.0,0.0,0.0,0.0,0.0,0.0,0.0,0.0,117.0,0.0,0.0,26.0,0.0,53.0,0.0,0.0,0.0,0.0,0.0,0.0,0.0,0.0,10.0,0.0,0.0,0.0,18.0,1007.0,0.0,0.0,0.0,0.0,0.0,36.0,18.0,0.0,0.0,524.0,0.0,361.0,13.0,0.0,0.0,0.0,0.0,0.0,0.0,0.0,4.0,0.0,0.0,0.0,0.0,716.0,166.0,0.0,1997.0,1.0,0.0,0.0,664.0,0.0,0.0,0.0,0.0,0.0,0.0,0.0,0.0,0.0,0.0,0.0,0.0,0.0,0.0,0.0,0.0,0.0,0.0,0.0,150.0,0.0,86.0,0.0,0.0,0.0,0.0,0.0,81.0,0.0,0.0,0.0,5.0,0.0,0.0,28.0,6.0,26.0,0.0,0.0,0.0,0.0,3.0,45.0,0.0,91.0,0.0,0.0,0.0,0.0,0.0,0.0,2017.0,0.0,0.0,0.0,0.0,82.0,0.0,22.0,0.0,0.0,599.0,0.0,0.0,244.0,0.0,0.0,0.0,17.0,41.0,0.0,0.0,1118.0,0.0,135.0,0.0,0.0,0.0,0.0,1929.0,92.0,0.0,0.0,0.0,771.0,6.0,14.0,18.0,0.0,0.0,0.0,0.0,0.0,0.0,13847.0,43
1994,0.0,0.0,0.0,0.0,7.0,0.0,48.0,0.0,254.0,0.0,0.0,0.0,0.0,0.0,0.0,12.0,0.0,0.0,0.0,9.0,0.0,0.0,37.0,0.0,0.0,0.0,0.0,0.0,0.0,317.0,0.0,0.0,18.0,35.0,42.0,0.0,0.0,0.0,0.0,0.0,0.0,0.0,0.0,51.0,0.0,0.0,0.0,4.0,1794.0,0.0,0.0,0.0,0.0,0.0,0.0,5.0,0.0,0.0,383.0,0.0,195.0,4.0,0.0,0.0,0.0,0.0,0.0,0.0,8.0,4.0,0.0,0.0,0.0,4.0,753.0,144.0,0.0,978.0,5.0,0.0,0.0,18.0,0.0,0.0,18.0,0.0,0.0,0.0,0.0,0.0,0.0,0.0,0.0,0.0,0.0,51.0,0.0,0.0,0.0,0.0,0.0,54.0,0.0,117.0,0.0,0.0,1.0,0.0,0.0,142.0,0.0,0.0,0.0,4.0,0.0,0.0,15.0,16.0,25.0,0.0,0.0,0.0,0.0,0.0,43.0,0.0,438.0,0.0,0.0,0.0,0.0,0.0,0.0,884.0,0.0,0.0,0.0,0.0,12.0,0.0,11.0,0.0,0.0,698.0,0.0,0.0,678.0,0.0,0.0,0.0,26.0,114.0,0.0,0.0,843.0,0.0,208.0,3.0,0.0,0.0,0.0,1359.0,213.0,0.0,0.0,0.0,413.0,0.0,0.0,9.0,0.0,1.0,0.0,0.0,0.0,0.0,11523.0,44
1995,0.0,0.0,0.0,6.0,0.0,0.0,28.0,0.0,38.0,0.0,0.0,0.0,53.0,9.0,0.0,5.0,0.0,0.0,0.0,0.0,0.0,0.0,0.0,0.0,0.0,0.0,0.0,0.0,0.0,328.0,0.0,0.0,32.0,2.0,35.0,0.0,0.0,0.0,0.0,0.0,0.0,0.0,0.0,26.0,0.0,0.0,0.0,22.0,1644.0,4.0,0.0,0.0,0.0,0.0,150.0,5.0,0.0,0.0,189.0,0.0,531.0,4.0,0.0,0.0,0.0,0.0,0.0,0.0,0.0,4.0,0.0,0.0,0.0,0.0,360.0,91.0,0.0,1137.0,19.0,0.0,0.0,396.0,0.0,0.0,42.0,0.0,0.0,0.0,0.0,0.0,0.0,0.0,0.0,0.0,0.0,181.0,0.0,0.0,0.0,0.0,0.0,0.0,0.0,0.0,0.0,0.0,2.0,0.0,0.0,37.0,7.0,0.0,0.0,2.0,0.0,0.0,42.0,10.0,25.0,0.0,0.0,0.0,0.0,0.0,4.0,1.0,15.0,0.0,0.0,0.0,0.0,0.0,0.0,888.0,0.0,0.0,0.0,0.0,16.0,0.0,15.0,0.0,0.0,1732.0,0.0,0.0,219.0,0.0,0.0,0.0,53.0,93.0,0.0,0.0,1308.0,0.0,154.0,3.0,0.0,0.0,18.0,713.0,26.0,0.0,0.0,0.0,492.0,0.0,3.0,0.0,0.0,0.0,0.0,0.0,0.0,0.0,11216.0,45
1996,0.0,0.0,0.0,3.0,0.0,0.0,9.0,0.0,45.0,0.0,0.0,0.0,45.0,0.0,0.0,3.0,0.0,0.0,0.0,0.0,46.0,0.0,45.0,7.0,0.0,0.0,0.0,0.0,0.0,316.0,0.0,0.0,10.0,2.0,37.0,0.0,0.0,0.0,0.0,0.0,0.0,0.0,0.0,37.0,0.0,4.0,0.0,0.0,769.0,4.0,0.0,0.0,0.0,0.0,344.0,3.0,0.0,0.0,164.0,0.0,104.0,0.0,0.0,0.0,0.0,0.0,0.0,0.0,2.0,19.0,0.0,0.0,0.0,0.0,77.0,149.0,0.0,813.0,75.0,0.0,0.0,1003.0,0.0,0.0,27.0,0.0,0.0,0.0,0.0,0.0,0.0,3.0,0.0,0.0,0.0,0.0,0.0,0.0,0.0,0.0,0.0,41.0,0.0,34.0,0.0,0.0,0.0,0.0,0.0,99.0,7.0,0.0,0.0,2.0,0.0,0.0,108.0,27.0,188.0,0.0,0.0,0.0,0.0,26.0,2.0,0.0,7.0,0.0,0.0,18.0,0.0,0.0,0.0,1407.0,0.0,0.0,0.0,0.0,63.0,0.0,0.0,0.0,0.0,1624.0,0.0,0.0,267.0,0.0,0.0,0.0,52.0,187.0,0.0,0.0,815.0,0.0,449.0,0.0,0.0,0.0,23.0,631.0,154.0,0.0,0.0,0.0,490.0,0.0,3.0,0.0,0.0,2.0,0.0,0.0,0.0,0.0,10891.0,46
1997,0.0,0.0,0.0,0.0,0.0,0.0,82.0,0.0,35.0,34.0,0.0,0.0,198.0,1.0,0.0,18.0,0.0,0.0,0.0,0.0,25.0,18.0,131.0,16.0,0.0,0.0,0.0,0.0,0.0,261.0,0.0,0.0,6.0,0.0,105.0,0.0,0.0,0.0,0.0,7.0,0.0,5.0,0.0,64.0,0.0,0.0,0.0,43.0,895.0,0.0,0.0,4.0,37.0,0.0,391.0,82.0,0.0,0.0,61.0,0.0,651.0,0.0,0.0,0.0,0.0,0.0,0.0,0.0,4.0,23.0,0.0,0.0,0.0,0.0,42.0,267.0,0.0,786.0,77.0,0.0,0.0,315.0,0.0,0.0,9.0,0.0,0.0,0.0,0.0,0.0,0.0,0.0,0.0,0.0,0.0,338.0,9.0,0.0,0.0,0.0,0.0,280.0,0.0,137.0,0.0,0.0,0.0,0.0,0.0,61.0,45.0,0.0,0.0,1.0,0.0,0.0,102.0,5.0,135.0,0.0,6.0,0.0,0.0,4.0,14.0,0.0,0.0,0.0,0.0,18.0,0.0,0.0,0.0,1724.0,0.0,0.0,0.0,0.0,448.0,0.0,0.0,0.0,9.0,888.0,0.0,0.0,133.0,36.0,0.0,0.0,69.0,377.0,0.0,0.0,2958.0,0.0,386.0,0.0,0.0,0.0,25.0,1160.0,6.0,0.0,0.0,0.0,484.0,0.0,0.0,0.0,0.0,0.0,0.0,0.0,0.0,0.0,14552.0,47
1998,0.0,0.0,0.0,0.0,0.0,0.0,140.0,0.0,18.0,36.0,0.0,0.0,4.0,0.0,0.0,26.0,0.0,0.0,0.0,0.0,0.0,0.0,0.0,7.0,0.0,0.0,0.0,0.0,0.0,66.0,0.0,0.0,17.0,0.0,84.0,0.0,0.0,0.0,0.0,0.0,0.0,0.0,0.0,65.0,0.0,6.0,0.0,6.0,458.0,2.0,0.0,0.0,0.0,0.0,536.0,139.0,0.0,0.0,543.0,0.0,990.0,0.0,0.0,0.0,0.0,0.0,0.0,0.0,2.0,8.0,0.0,0.0,0.0,0.0,1273.0,6.0,10.0,1443.0,248.0,0.0,0.0,19.0,0.0,0.0,7.0,5.0,0.0,0.0,0.0,0.0,0.0,0.0,3.0,0.0,0.0,0.0,4.0,0.0,0.0,4.0,0.0,11.0,0.0,0.0,0.0,0.0,0.0,0.0,0.0,254.0,13.0,0.0,0.0,0.0,0.0,0.0,73.0,12.0,25.0,0.0,0.0,0.0,0.0,12.0,31.0,0.0,6.0,1.0,0.0,44.0,0.0,0.0,0.0,2212.0,0.0,0.0,0.0,0.0,604.0,0.0,0.0,0.0,0.0,1182.0,0.0,0.0,21.0,6.0,0.0,0.0,150.0,431.0,0.0,0.0,2241.0,0.0,36.0,0.0,0.0,0.0,18.0,1617.0,21.0,0.0,0.0,0.0,514.0,0.0,4.0,12.0,0.0,0.0,0.0,0.0,0.0,0.0,15728.0,48
1999,0.0,0.0,0.0,0.0,0.0,0.0,197.0,0.0,286.0,0.0,0.0,0.0,0.0,0.0,0.0,48.0,0.0,0.0,0.0,9.0,16.0,0.0,11.0,0.0,4.0,0.0,0.0,0.0,0.0,104.0,0.0,0.0,13.0,0.0,44.0,0.0,0.0,0.0,0.0,0.0,0.0,0.0,0.0,35.0,0.0,0.0,0.0,0.0,456.0,0.0,0.0,0.0,0.0,0.0,761.0,93.0,0.0,0.0,75.0,0.0,280.0,0.0,0.0,0.0,0.0,0.0,0.0,0.0,4.0,24.0,0.0,0.0,0.0,0.0,691.0,0.0,5.0,1204.0,6.0,0.0,0.0,5.0,0.0,0.0,4.0,0.0,0.0,0.0,0.0,0.0,0.0,1.0,3.0,0.0,0.0,11.0,0.0,0.0,0.0,0.0,0.0,36.0,0.0,8.0,0.0,0.0,0.0,0.0,0.0,243.0,40.0,0.0,0.0,0.0,0.0,0.0,84.0,0.0,8.0,0.0,0.0,0.0,0.0,1.0,0.0,0.0,0.0,0.0,14.0,14.0,0.0,0.0,0.0,1512.0,0.0,0.0,0.0,0.0,194.0,0.0,0.0,0.0,18.0,1199.0,0.0,0.0,219.0,0.0,0.0,3.0,65.0,502.0,0.0,0.0,1702.0,0.0,45.0,0.0,0.0,0.0,10.0,1130.0,15.0,0.0,0.0,0.0,98.0,0.0,0.0,0.0,0.0,20.0,0.0,0.0,0.0,0.0,11568.0,49
2000,0.0,0.0,0.0,22.0,0.0,0.0,59.0,0.0,194.0,0.0,0.0,33.0,299.0,61.0,0.0,18.0,0.0,0.0,0.0,18.0,0.0,0.0,22.0,0.0,0.0,0.0,0.0,0.0,0.0,158.0,0.0,0.0,19.0,0.0,60.0,0.0,0.0,0.0,0.0,0.0,0.0,0.0,3.0,27.0,0.0,0.0,0.0,0.0,823.0,0.0,0.0,0.0,0.0,0.0,467.0,70.0,0.0,0.0,73.0,0.0,258.0,0.0,0.0,0.0,0.0,0.0,0.0,0.0,1.0,4.0,0.0,0.0,0.0,0.0,102.0,224.0,0.0,445.0,22.0,0.0,0.0,0.0,0.0,0.0,4.0,0.0,0.0,0.0,0.0,0.0,0.0,0.0,5.0,0.0,0.0,0.0,0.0,0.0,0.0,0.0,0.0,130.0,0.0,4.0,0.0,0.0,0.0,0.0,0.0,122.0,0.0,0.0,0.0,0.0,0.0,0.0,75.0,0.0,11.0,0.0,0.0,0.0,0.0,0.0,0.0,122.0,2.0,0.0,0.0,3.0,0.0,0.0,0.0,3.0,0.0,0.0,0.0,0.0,531.0,0.0,0.0,0.0,0.0,935.0,0.0,0.0,166.0,10.0,0.0,0.0,68.0,4.0,0.0,0.0,553.0,0.0,25.0,0.0,0.0,3.0,0.0,520.0,15.0,0.0,0.0,0.0,814.0,0.0,0.0,0.0,0.0,0.0,0.0,0.0,0.0,0.0,7605.0,50
2001,0.0,0.0,0.0,67.0,0.0,0.0,6.0,0.0,87.0,0.0,0.0,0.0,3.0,0.0,0.0,18.0,0.0,0.0,0.0,0.0,0.0,15.0,111.0,0.0,0.0,0.0,0.0,0.0,0.0,85.0,0.0,0.0,14.0,0.0,272.0,0.0,0.0,0.0,0.0,55.0,0.0,0.0,44.0,40.0,0.0,5.0,0.0,0.0,809.0,0.0,0.0,0.0,0.0,0.0,0.0,66.0,0.0,6.0,99.0,8.0,239.0,0.0,0.0,0.0,0.0,0.0,0.0,0.0,8.0,4.0,0.0,0.0,0.0,0.0,115.0,176.0,0.0,401.0,21.0,0.0,0.0,0.0,0.0,0.0,0.0,0.0,0.0,0.0,0.0,0.0,0.0,0.0,0.0,0.0,0.0,0.0,0.0,0.0,0.0,0.0,0.0,145.0,0.0,0.0,0.0,0.0,0.0,0.0,0.0,178.0,45.0,0.0,0.0,0.0,0.0,0.0,62.0,1.0,15.0,0.0,0.0,0.0,0.0,1.0,9.0,8.0,18.0,0.0,0.0,1.0,0.0,0.0,0.0,33.0,0.0,0.0,0.0,0.0,61.0,0.0,0.0,0.0,0.0,463.0,0.0,0.0,70.0,0.0,0.0,0.0,33.0,4.0,0.0,0.0,345.0,0.0,13.0,0.0,0.0,0.0,0.0,138.0,19.0,0.0,0.0,0.0,1253.0,0.0,0.0,0.0,0.0,5.0,0.0,0.0,0.0,0.0,5693.0,51
2002,0.0,0.0,0.0,59.0,0.0,0.0,12.0,0.0,106.0,65.0,0.0,0.0,54.0,0.0,0.0,45.0,0.0,0.0,0.0,0.0,0.0,0.0,70.0,0.0,0.0,0.0,0.0,0.0,0.0,38.0,0.0,0.0,0.0,0.0,124.0,0.0,0.0,0.0,0.0,0.0,0.0,0.0,29.0,18.0,0.0,0.0,0.0,0.0,477.0,19.0,0.0,1.0,0.0,0.0,5.0,20.0,0.0,0.0,42.0,0.0,173.0,0.0,0.0,0.0,0.0,0.0,0.0,0.0,5.0,4.0,0.0,0.0,0.0,0.0,323.0,150.0,0.0,395.0,15.0,0.0,0.0,0.0,0.0,0.0,0.0,0.0,0.0,0.0,0.0,0.0,0.0,0.0,0.0,0.0,0.0,9.0,0.0,0.0,0.0,0.0,0.0,59.0,0.0,0.0,0.0,0.0,0.0,0.0,0.0,202.0,15.0,0.0,0.0,4.0,0.0,0.0,8.0,6.0,44.0,0.0,0.0,0.0,0.0,14.0,5.0,138.0,0.0,0.0,0.0,0.0,0.0,0.0,0.0,89.0,0.0,0.0,0.0,0.0,212.0,0.0,0.0,0.0,0.0,268.0,0.0,0.0,220.0,9.0,0.0,0.0,26.0,3.0,0.0,0.0,298.0,0.0,146.0,0.0,0.0,2.0,83.0,448.0,18.0,0.0,0.0,0.0,381.0,0.0,0.0,0.0,0.0,11.0,0.0,0.0,0.0,0.0,4967.0,52
2003,0.0,0.0,0.0,0.0,0.0,0.0,11.0,0.0,165.0,0.0,0.0,0.0,1.0,0.0,0.0,21.0,0.0,0.0,0.0,0.0,0.0,0.0,8.0,0.0,0.0,0.0,0.0,0.0,0.0,57.0,0.0,0.0,8.0,0.0,96.0,0.0,0.0,0.0,0.0,0.0,0.0,0.0,18.0,8.0,0.0,8.0,0.0,0.0,345.0,10.0,0.0,11.0,0.0,0.0,0.0,17.0,0.0,0.0,22.0,0.0,1526.0,0.0,0.0,0.0,0.0,0.0,0.0,0.0,0.0,8.0,0.0,0.0,0.0,0.0,104.0,478.0,0.0,415.0,102.0,0.0,0.0,21.0,0.0,11.0,0.0,0.0,0.0,0.0,0.0,0.0,1.0,1.0,0.0,0.0,0.0,31.0,0.0,0.0,0.0,0.0,0.0,15.0,0.0,0.0,0.0,0.0,0.0,0.0,0.0,45.0,48.0,0.0,0.0,12.0,0.0,0.0,14.0,4.0,24.0,0.0,0.0,0.0,0.0,22.0,3.0,14.0,29.0,0.0,0.0,0.0,0.0,0.0,0.0,117.0,0.0,0.0,0.0,0.0,51.0,0.0,0.0,0.0,0.0,593.0,0.0,0.0,186.0,3.0,0.0,0.0,26.0,0.0,0.0,0.0,111.0,0.0,126.0,0.0,0.0,0.0,1.0,232.0,36.0,0.0,0.0,0.0,439.0,0.0,0.0,0.0,0.0,15.0,0.0,0.0,0.0,0.0,5670.0,53
2004,0.0,0.0,0.0,0.0,0.0,0.0,19.0,0.0,114.0,0.0,0.0,0.0,0.0,0.0,0.0,9.0,0.0,0.0,0.0,0.0,0.0,0.0,20.0,0.0,0.0,0.0,0.0,0.0,0.0,71.0,0.0,0.0,16.0,0.0,0.0,0.0,0.0,0.0,0.0,0.0,0.0,0.0,0.0,140.0,0.0,35.0,0.0,0.0,500.0,0.0,0.0,0.0,0.0,0.0,0.0,78.0,0.0,0.0,89.0,0.0,828.0,0.0,0.0,0.0,0.0,0.0,0.0,0.0,0.0,4.0,0.0,0.0,6.0,0.0,839.0,406.0,0.0,355.0,36.0,19.0,0.0,0.0,0.0,0.0,0.0,0.0,0.0,0.0,0.0,0.0,3.0,0.0,0.0,0.0,0.0,10.0,0.0,0.0,0.0,0.0,0.0,90.0,0.0,0.0,0.0,0.0,0.0,0.0,0.0,95.0,33.0,0.0,0.0,0.0,0.0,0.0,5.0,13.0,74.0,0.0,0.0,0.0,0.0,47.0,20.0,5.0,57.0,0.0,0.0,0.0,0.0,0.0,0.0,324.0,0.0,0.0,0.0,0.0,366.0,0.0,0.0,0.0,0.0,873.0,0.0,0.0,164.0,13.0,0.0,0.0,26.0,18.0,0.0,0.0,314.0,0.0,37.0,0.0,0.0,0.0,0.0,129.0,381.0,0.0,0.0,0.0,171.0,0.0,0.0,0.0,0.0,0.0,0.0,0.0,0.0,0.0,6850.0,54
2005,19.0,0.0,0.0,0.0,0.0,0.0,3.0,0.0,101.0,0.0,0.0,3.0,63.0,0.0,0.0,3.0,0.0,0.0,0.0,0.0,0.0,0.0,18.0,0.0,0.0,0.0,0.0,0.0,0.0,96.0,0.0,0.0,0.0,0.0,4.0,0.0,0.0,0.0,0.0,0.0,0.0,0.0,40.0,26.0,0.0,0.0,0.0,4.0,590.0,0.0,0.0,0.0,0.0,0.0,0.0,2.0,0.0,0.0,56.0,0.0,102.0,0.0,0.0,0.0,0.0,0.0,0.0,0.0,0.0,4.0,0.0,0.0,43.0,0.0,1114.0,68.0,0.0,348.0,5.0,0.0,0.0,5.0,0.0,0.0,1.0,0.0,0.0,0.0,0.0,0.0,3.0,0.0,0.0,0.0,0.0,2.0,0.0,0.0,0.0,0.0,0.0,8.0,0.0,0.0,0.0,0.0,0.0,0.0,0.0,55.0,0.0,0.0,0.0,0.0,0.0,0.0,3.0,148.0,171.0,0.0,0.0,0.0,0.0,25.0,12.0,11.0,33.0,0.0,0.0,14.0,0.0,0.0,0.0,153.0,0.0,0.0,0.0,0.0,534.0,0.0,0.0,0.0,0.0,619.0,0.0,0.0,5.0,0.0,0.0,0.0,58.0,0.0,0.0,0.0,642.0,0.0,17.0,0.0,0.0,0.0,0.0,272.0,1260.0,0.0,0.0,0.0,15.0,0.0,0.0,0.0,0.0,0.0,0.0,0.0,0.0,0.0,6777.0,55
2006,0.0,0.0,0.0,0.0,0.0,0.0,9.0,0.0,348.0,0.0,0.0,0.0,3.0,0.0,0.0,3.0,0.0,0.0,0.0,0.0,0.0,0.0,18.0,0.0,0.0,0.0,0.0,0.0,0.0,68.0,9.0,1.0,254.0,0.0,27.0,0.0,0.0,0.0,0.0,0.0,0.0,0.0,0.0,8.0,0.0,0.0,0.0,0.0,455.0,0.0,0.0,0.0,0.0,0.0,0.0,2.0,0.0,0.0,16.0,0.0,20.0,0.0,0.0,0.0,0.0,0.0,0.0,30.0,84.0,11.0,0.0,0.0,55.0,1.0,1110.0,22.0,0.0,412.0,3.0,0.0,0.0,5.0,0.0,0.0,0.0,0.0,0.0,0.0,0.0,0.0,13.0,0.0,0.0,0.0,0.0,14.0,0.0,0.0,0.0,0.0,0.0,29.0,0.0,20.0,0.0,0.0,0.0,0.0,0.0,237.0,0.0,0.0,0.0,0.0,0.0,0.0,65.0,284.0,109.0,0.0,0.0,0.0,0.0,22.0,13.0,346.0,43.0,0.0,0.0,3.0,0.0,0.0,0.0,172.0,0.0,0.0,0.0,0.0,34.0,0.0,0.0,0.0,14.0,1359.0,0.0,0.0,81.0,0.0,0.0,0.0,56.0,0.0,0.0,0.0,504.0,0.0,5.0,0.0,0.0,0.0,2.0,5.0,996.0,0.0,0.0,0.0,109.0,0.0,0.0,0.0,0.0,0.0,0.0,3.0,0.0,0.0,7512.0,56
2007,22.0,0.0,0.0,0.0,0.0,0.0,15.0,0.0,574.0,0.0,0.0,0.0,26.0,0.0,0.0,4.0,0.0,0.0,0.0,0.0,0.0,0.0,19.0,0.0,3.0,0.0,0.0,0.0,0.0,409.0,0.0,0.0,81.0,0.0,122.0,0.0,0.0,0.0,0.0,0.0,0.0,0.0,0.0,85.0,0.0,0.0,0.0,0.0,396.0,0.0,1.0,0.0,0.0,0.0,0.0,0.0,0.0,0.0,16.0,2.0,253.0,0.0,0.0,0.0,0.0,0.0,0.0,25.0,89.0,17.0,0.0,0.0,150.0,3.0,809.0,42.0,3.0,489.0,164.0,6.0,0.0,279.0,0.0,0.0,0.0,0.0,0.0,0.0,0.0,0.0,4.0,0.0,0.0,0.0,0.0,14.0,0.0,0.0,0.0,0.0,0.0,0.0,0.0,0.0,0.0,0.0,0.0,0.0,0.0,28.0,1.0,0.0,0.0,0.0,0.0,0.0,71.0,16.0,395.0,0.0,0.0,0.0,0.0,0.0,13.0,850.0,58.0,0.0,0.0,22.0,0.0,0.0,0.0,150.0,0.0,0.0,0.0,0.0,11.0,0.0,0.0,0.0,30.0,1234.0,0.0,0.0,22.0,2.0,0.0,0.0,24.0,2.0,0.0,0.0,12.0,0.0,0.0,0.0,0.0,6.0,0.0,25.0,472.0,0.0,0.0,0.0,302.0,0.0,0.0,0.0,0.0,0.0,0.0,0.0,0.0,0.0,7866.0,57
2008,78.0,0.0,0.0,0.0,0.0,0.0,17.0,0.0,320.0,0.0,0.0,0.0,2.0,0.0,0.0,6.0,0.0,0.0,0.0,0.0,0.0,0.0,33.0,0.0,5.0,0.0,0.0,0.0,0.0,359.0,0.0,0.0,0.0,0.0,16.0,0.0,0.0,0.0,0.0,0.0,0.0,0.0,14.0,6.0,0.0,0.0,0.0,0.0,263.0,0.0,0.0,0.0,0.0,0.0,9.0,2.0,0.0,2.0,269.0,0.0,10.0,0.0,0.0,0.0,0.0,0.0,0.0,0.0,5.0,14.0,0.0,0.0,281.0,3.0,663.0,43.0,2.0,661.0,32.0,3.0,0.0,0.0,0.0,0.0,0.0,0.0,0.0,0.0,0.0,0.0,3.0,0.0,0.0,0.0,0.0,0.0,0.0,0.0,0.0,0.0,0.0,20.0,0.0,0.0,0.0,0.0,0.0,0.0,0.0,12.0,2.0,0.0,0.0,0.0,0.0,0.0,119.0,71.0,303.0,0.0,0.0,0.0,0.0,0.0,10.0,481.0,88.0,0.0,0.0,2.0,0.0,0.0,0.0,248.0,0.0,0.0,0.0,0.0,28.0,0.0,0.0,0.0,11.0,1121.0,0.0,0.0,18.0,0.0,0.0,0.0,9.0,1.0,0.0,0.0,11.0,0.0,0.0,0.0,0.0,0.0,3.0,49.0,677.0,0.0,0.0,0.0,419.0,0.0,0.0,0.0,0.0,0.0,0.0,5.0,0.0,0.0,6828.0,58
2009,280.0,0.0,0.0,0.0,0.0,0.0,8.0,0.0,610.0,0.0,0.0,1.0,0.0,0.0,0.0,12.0,0.0,0.0,0.0,0.0,0.0,2.0,0.0,0.0,0.0,0.0,0.0,0.0,0.0,99.0,0.0,0.0,30.0,0.0,147.0,0.0,0.0,0.0,0.0,0.0,0.0,0.0,1.0,0.0,0.0,0.0,28.0,1.0,82.0,0.0,2.0,0.0,0.0,0.0,9.0,0.0,0.0,4.0,319.0,0.0,924.0,0.0,0.0,0.0,0.0,0.0,0.0,4.0,2.0,0.0,0.0,0.0,311.0,0.0,134.0,14.0,0.0,578.0,15.0,3.0,0.0,1.0,0.0,11.0,16.0,0.0,0.0,0.0,0.0,0.0,3.0,0.0,0.0,0.0,0.0,10.0,0.0,0.0,0.0,0.0,0.0,27.0,0.0,3.0,0.0,0.0,0.0,420.0,0.0,88.0,0.0,0.0,0.0,0.0,0.0,0.0,107.0,2.0,146.0,0.0,5.0,0.0,0.0,2.0,0.0,87.0,90.0,280.0,0.0,32.0,0.0,0.0,0.0,244.0,0.0,0.0,0.0,0.0,760.0,0.0,0.0,0.0,9.0,209.0,0.0,0.0,50.0,0.0,0.0,0.0,2.0,2.0,0.0,0.0,0.0,0.0,4.0,0.0,0.0,0.0,0.0,21.0,394.0,0.0,0.0,0.0,270.0,0.0,0.0,0.0,0.0,0.0,0.0,0.0,0.0,0.0,6912.0,59
2010,245.0,0.0,0.0,11.0,0.0,0.0,3.0,0.0,1389.0,0.0,1.0,0.0,68.0,0.0,0.0,3.0,0.0,0.0,0.0,0.0,0.0,2.0,24.0,0.0,0.0,0.0,0.0,0.0,10.0,197.0,0.0,0.0,132.0,0.0,58.0,1.0,0.0,0.0,0.0,0.0,0.0,0.0,2.0,0.0,0.0,0.0,0.0,10.0,249.0,0.0,0.0,0.0,0.0,0.0,9.0,51.0,1.0,0.0,255.0,0.0,151.0,0.0,0.0,0.0,0.0,0.0,0.0,18.0,54.0,0.0,0.0,0.0,343.0,0.0,41.0,30.0,1.0,348.0,6.0,0.0,0.0,37.0,0.0,14.0,10.0,0.0,0.0,0.0,0.0,0.0,0.0,0.0,0.0,0.0,0.0,12.0,0.0,0.0,0.0,0.0,0.0,28.0,0.0,33.0,0.0,0.0,0.0,0.0,0.0,38.0,0.0,0.0,0.0,0.0,0.0,0.0,85.0,2.0,1027.0,0.0,0.0,0.0,0.0,5.0,0.0,41.0,89.0,0.0,0.0,61.0,0.0,0.0,0.0,358.0,0.0,0.0,0.0,0.0,717.0,0.0,0.0,0.0,13.0,1220.0,0.0,0.0,7.0,0.0,0.0,0.0,0.0,30.0,0.0,0.0,37.0,0.0,1.0,0.0,0.0,0.0,7.0,11.0,153.0,0.0,0.0,0.0,311.0,0.0,3.0,0.0,0.0,0.0,0.0,0.0,0.0,0.0,8063.0,60
2011,520.0,0.0,0.0,11.0,0.0,0.0,1.0,0.0,1004.0,0.0,1.0,0.0,0.0,0.0,0.0,2.0,0.0,0.0,0.0,1.0,0.0,0.0,84.0,0.0,3.0,0.0,0.0,0.0,0.0,319.0,0.0,0.0,39.0,0.0,80.0,0.0,0.0,0.0,0.0,0.0,0.0,0.0,3.0,0.0,0.0,0.0,0.0,0.0,160.0,0.0,0.0,0.0,0.0,0.0,2.0,23.0,0.0,0.0,47.0,2.0,19.0,0.0,0.0,0.0,0.0,0.0,0.0,4.0,203.0,0.0,0.0,0.0,397.0,0.0,59.0,231.0,0.0,276.0,24.0,0.0,1.0,36.0,0.0,0.0,0.0,0.0,0.0,0.0,0.0,0.0,0.0,0.0,0.0,0.0,0.0,2.0,0.0,8.0,0.0,0.0,0.0,90.0,0.0,439.0,0.0,0.0,0.0,0.0,0.0,13.0,0.0,0.0,0.0,54.0,0.0,0.0,81.0,0.0,269.0,0.0,0.0,0.0,1.0,2.0,60.0,16.0,89.0,150.0,0.0,42.0,0.0,0.0,0.0,397.0,2.0,0.0,0.0,0.0,482.0,0.0,0.0,0.0,16.0,1490.0,0.0,0.0,40.0,10.0,0.0,0.0,150.0,16.0,0.0,0.0,138.0,0.0,50.0,0.0,0.0,12.0,7.0,333.0,863.0,0.0,0.0,0.0,201.0,0.0,0.0,0.0,0.0,0.0,0.0,12.0,0.0,0.0,9087.0,61
2012,410.0,0.0,0.0,0.0,0.0,0.0,3.0,0.0,589.0,0.0,2.0,0.0,0.0,0.0,0.0,6.0,0.0,0.0,0.0,1.0,0.0,0.0,111.0,0.0,0.0,0.0,0.0,0.0,0.0,189.0,0.0,0.0,38.0,0.0,77.0,0.0,0.0,1.0,0.0,0.0,0.0,0.0,2.0,36.0,0.0,0.0,0.0,0.0,177.0,2.0,5.0,0.0,0.0,0.0,0.0,39.0,0.0,0.0,25.0,2.0,6.0,0.0,0.0,0.0,0.0,0.0,0.0,0.0,139.0,35.0,0.0,0.0,340.0,0.0,107.0,161.0,0.0,217.0,38.0,3.0,1.0,22.0,0.0,0.0,31.0,0.0,0.0,4.0,0.0,0.0,0.0,0.0,0.0,0.0,0.0,0.0,0.0,8.0,0.0,0.0,0.0,49.0,0.0,430.0,0.0,0.0,5.0,0.0,0.0,148.0,0.0,0.0,0.0,0.0,0.0,0.0,68.0,38.0,276.0,0.0,15.0,0.0,1.0,5.0,6.0,16.0,29.0,280.0,0.0,3.0,0.0,0.0,0.0,394.0,0.0,0.0,0.0,0.0,456.0,0.0,0.0,0.0,9.0,979.0,0.0,0.0,116.0,0.0,0.0,0.0,185.0,5.0,0.0,0.0,424.0,0.0,21.0,0.0,0.0,12.0,0.0,1009.0,923.0,0.0,0.0,0.0,390.0,0.0,0.0,0.0,0.0,0.0,0.0,0.0,0.0,0.0,9122.0,62
2013,144.0,0.0,0.0,0.0,1.0,0.0,6.0,0.0,148.0,0.0,0.0,0.0,60.0,56.0,0.0,2.0,0.0,0.0,0.0,1.0,0.0,0.0,69.0,15.0,0.0,0.0,0.0,0.0,2.0,170.0,0.0,0.0,31.0,0.0,99.0,0.0,0.0,0.0,0.0,0.0,0.0,0.0,0.0,32.0,0.0,0.0,0.0,0.0,494.0,0.0,0.0,0.0,0.0,0.0,75.0,55.0,0.0,0.0,42.0,0.0,9.0,0.0,0.0,0.0,0.0,0.0,0.0,2.0,986.0,85.0,0.0,0.0,255.0,0.0,65.0,26.0,0.0,250.0,39.0,0.0,0.0,52.0,0.0,0.0,21.0,0.0,0.0,0.0,0.0,0.0,0.0,0.0,0.0,0.0,0.0,0.0,0.0,0.0,0.0,0.0,0.0,47.0,0.0,45.0,0.0,0.0,0.0,0.0,0.0,130.0,0.0,0.0,2.0,0.0,0.0,0.0,26.0,35.0,151.0,0.0,0.0,0.0,0.0,8.0,55.0,0.0,0.0,0.0,0.0,3.0,0.0,0.0,0.0,607.0,0.0,0.0,1.0,0.0,670.0,0.0,0.0,1.0,0.0,107.0,2.0,0.0,64.0,0.0,0.0,0.0,16.0,2.0,0.0,0.0,549.0,0.0,54.0,0.0,0.0,0.0,38.0,363.0,1063.0,0.0,0.0,0.0,331.0,0.0,0.0,0.0,0.0,0.0,0.0,4.0,0.0,0.0,7660.0,63
2014,69.0,0.0,0.0,0.0,0.0,0.0,4.0,0.0,326.0,0.0,1.0,0.0,0.0,0.0,0.0,2.0,0.0,0.0,0.0,6.0,0.0,0.0,17.0,36.0,0.0,0.0,0.0,0.0,0.0,202.0,0.0,6.0,61.0,0.0,25.0,0.0,0.0,1.0,0.0,22.0,0.0,0.0,0.0,32.0,5.0,0.0,0.0,0.0,182.0,0.0,10.0,0.0,10.0,0.0,44.0,17.0,0.0,1.0,46.0,4.0,61.0,0.0,0.0,0.0,0.0,0.0,0.0,0.0,1119.0,150.0,0.0,0.0,285.0,0.0,121.0,92.0,0.0,292.0,53.0,3.0,0.0,681.0,0.0,0.0,5.0,0.0,0.0,0.0,0.0,3.0,0.0,0.0,0.0,0.0,0.0,10.0,0.0,0.0,0.0,2.0,0.0,33.0,0.0,9.0,0.0,0.0,0.0,0.0,0.0,1.0,55.0,0.0,0.0,63.0,0.0,0.0,1.0,468.0,198.0,0.0,0.0,0.0,0.0,0.0,12.0,1.0,1.0,0.0,0.0,0.0,0.0,0.0,0.0,1411.0,0.0,0.0,0.0,0.0,24.0,0.0,1.0,0.0,0.0,346.0,0.0,0.0,40.0,0.0,0.0,0.0,1.0,1.0,0.0,0.0,1071.0,0.0,32.0,0.0,0.0,0.0,39.0,1109.0,542.0,0.0,0.0,0.0,191.0,3.0,0.0,0.0,0.0,0.0,0.0,0.0,0.0,0.0,9656.0,64
2015,94.0,2.0,0.0,5.0,0.0,0.0,18.0,0.0,853.0,0.0,0.0,0.0,15.0,54.0,0.0,7.0,0.0,0.0,0.0,0.0,0.0,0.0,37.0,36.0,3.0,0.0,1.0,0.0,1.0,316.0,0.0,0.0,81.0,0.0,55.0,0.0,0.0,0.0,0.0,0.0,0.0,0.0,0.0,46.0,0.0,1.0,0.0,0.0,593.0,0.0,0.0,2.0,0.0,0.0,98.0,17.0,0.0,0.0,5.0,0.0,92.0,0.0,0.0,0.0,0.0,0.0,2.0,0.0,268.0,82.0,0.0,0.0,791.0,0.0,252.0,200.0,0.0,324.0,58.0,0.0,1.0,311.0,0.0,0.0,36.0,0.0,0.0,0.0,0.0,0.0,0.0,0.0,0.0,0.0,0.0,4.0,0.0,0.0,0.0,0.0,0.0,204.0,0.0,46.0,0.0,0.0,0.0,0.0,0.0,11.0,81.0,0.0,9.0,7.0,0.0,0.0,123.0,0.0,73.0,0.0,0.0,0.0,0.0,11.0,46.0,4.0,0.0,385.0,0.0,3.0,0.0,0.0,0.0,1759.0,0.0,0.0,0.0,0.0,75.0,0.0,0.0,0.0,0.0,188.0,0.0,0.0,28.0,0.0,0.0,0.0,2.0,1.0,0.0,0.0,630.0,0.0,27.0,0.0,0.0,0.0,7.0,320.0,814.0,4.0,4.0,0.0,373.0,0.0,0.0,0.0,35.0,6.0,0.0,11.0,0.0,0.0,10048.0,65
2016,72.0,0.0,0.0,19.0,0.0,0.0,6.0,0.0,869.0,0.0,0.0,0.0,0.0,0.0,0.0,4.0,0.0,0.0,0.0,0.0,0.0,0.0,31.0,0.0,0.0,0.0,2.0,0.0,0.0,128.0,0.0,0.0,18.0,0.0,15.0,0.0,0.0,0.0,0.0,22.0,0.0,0.0,0.0,108.0,1.0,0.0,0.0,0.0,256.0,0.0,0.0,2.0,0.0,0.0,106.0,32.0,0.0,0.0,5.0,0.0,22.0,0.0,0.0,0.0,0.0,0.0,1.0,0.0,24.0,94.0,0.0,0.0,898.0,0.0,529.0,410.0,0.0,326.0,81.0,3.0,19.0,165.0,0.0,20.0,27.0,0.0,0.0,0.0,1.0,0.0,1.0,0.0,0.0,0.0,0.0,10.0,0.0,0.0,0.0,0.0,1.0,230.0,0.0,244.0,0.0,0.0,0.0,0.0,0.0,43.0,0.0,0.0,0.0,10.0,0.0,0.0,123.0,127.0,39.0,0.0,0.0,0.0,0.0,1.0,82.0,6.0,1.0,595.0,0.0,14.0,0.0,0.0,0.0,1796.0,2.0,0.0,0.0,0.0,624.0,0.0,0.0,0.0,0.0,614.0,0.0,0.0,2.0,0.0,0.0,0.0,9.0,61.0,0.0,0.0,97.0,0.0,46.0,0.0,0.0,0.0,13.0,201.0,779.0,0.0,0.0,0.0,217.0,0.0,0.0,0.0,0.0,0.0,0.0,0.0,0.0,0.0,10304.0,66
2017,250.0,0.0,0.0,0.0,0.0,0.0,33.0,0.0,1172.0,0.0,0.0,0.0,4.0,0.0,0.0,3.0,0.0,0.0,0.0,0.0,0.0,0.0,12.0,0.0,0.0,0.0,0.0,0.0,0.0,217.0,0.0,2.0,0.0,0.0,36.0,0.0,0.0,0.0,0.0,0.0,0.0,0.0,0.0,48.0,0.0,0.0,0.0,0.0,189.0,0.0,0.0,2.0,0.0,0.0,53.0,52.0,0.0,7.0,3.0,0.0,50.0,0.0,0.0,0.0,0.0,0.0,0.0,0.0,252.0,243.0,0.0,0.0,506.0,0.0,515.0,393.0,0.0,479.0,127.0,3.0,6.0,55.0,0.0,11.0,56.0,0.0,0.0,0.0,0.0,0.0,1.0,0.0,0.0,0.0,0.0,4.0,0.0,8.0,0.0,0.0,0.0,150.0,0.0,351.0,0.0,0.0,0.0,0.0,0.0,22.0,0.0,0.0,0.0,5.0,0.0,0.0,330.0,87.0,21.0,0.0,0.0,0.0,0.0,3.0,23.0,46.0,0.0,496.0,0.0,33.0,0.0,0.0,0.0,3425.0,2.0,0.0,0.0,0.0,116.0,18.0,0.0,0.0,0.0,456.0,0.0,0.0,10.0,0.0,0.0,0.0,5.0,31.0,0.0,1.0,493.0,0.0,27.0,0.0,0.0,0.0,93.0,94.0,499.0,16.0,0.0,0.0,698.0,0.0,0.0,0.0,0.0,0.0,54.0,0.0,0.0,0.0,12394.0,67
